dependent,independent,alpha,adj_r2
BTCUSDT,"['ETHUSDT', 'ADAUSDT']",25847.776449860088,0.6132744362339368
BTCUSDT,"['ADAUSDT', 'ETHUSDT']",25847.77644988415,0.6132744362339351
ETHUSDT,"['BTCUSDT', 'ADAUSDT']",2197.816631536991,0.2654818412745209
ETHUSDT,"['ADAUSDT', 'BTCUSDT']",2197.816631542688,0.26548184127450736
ADAUSDT,"['BTCUSDT', 'ETHUSDT']",-0.3085606754979201,0.6211908072400967
ADAUSDT,"['ETHUSDT', 'BTCUSDT']",-0.3085606754979324,0.6211908072400967
BTCUSDT,"['ETHUSDT', 'BNBUSDT']",-4532.048067518342,0.691049789153609
BTCUSDT,"['BNBUSDT', 'ETHUSDT']",-4532.048067530975,0.6910497891536111
ETHUSDT,"['BTCUSDT', 'BNBUSDT']",1710.593236441437,0.29825367457433427
ETHUSDT,"['BNBUSDT', 'BTCUSDT']",1710.5932364412329,0.29825367457433316
BNBUSDT,"['BTCUSDT', 'ETHUSDT']",94.0865815025735,0.7186327264068567
BNBUSDT,"['ETHUSDT', 'BTCUSDT']",94.0865815025704,0.7186327264068572
BTCUSDT,"['ETHUSDT', 'DOGEUSDT']",30209.495357796848,0.6058366672649429
BTCUSDT,"['DOGEUSDT', 'ETHUSDT']",30209.495357761014,0.6058366672649338
ETHUSDT,"['BTCUSDT', 'DOGEUSDT']",2232.1743013668174,0.24810235778665113
ETHUSDT,"['DOGEUSDT', 'BTCUSDT']",2232.174301399118,0.24810235778665424
DOGEUSDT,"['BTCUSDT', 'ETHUSDT']",-0.15712992908565865,0.5967137873099143
DOGEUSDT,"['ETHUSDT', 'BTCUSDT']",-0.15712992908566312,0.5967137873099159
BTCUSDT,"['ETHUSDT', 'LINKUSDT']",18380.31867055659,0.40305319365761083
BTCUSDT,"['LINKUSDT', 'ETHUSDT']",18380.318670556706,0.40305319365761094
ETHUSDT,"['BTCUSDT', 'LINKUSDT']",1801.0735933825122,0.3764285846788882
ETHUSDT,"['LINKUSDT', 'BTCUSDT']",1801.0735933825301,0.3764285846788903
LINKUSDT,"['BTCUSDT', 'ETHUSDT']",-1.888399773856694,0.5044299989366768
LINKUSDT,"['ETHUSDT', 'BTCUSDT']",-1.8883997738571237,0.5044299989366783
BTCUSDT,"['ETHUSDT', 'SOLUSDT']",9761.970717894284,0.4485096341304968
BTCUSDT,"['SOLUSDT', 'ETHUSDT']",9761.970717892047,0.44850963413049627
ETHUSDT,"['BTCUSDT', 'SOLUSDT']",1782.5883579005153,0.31855533226797395
ETHUSDT,"['SOLUSDT', 'BTCUSDT']",1782.588357900479,0.3185553322679723
SOLUSDT,"['BTCUSDT', 'ETHUSDT']",13.215000253333471,0.49451713971477795
SOLUSDT,"['ETHUSDT', 'BTCUSDT']",13.215000253331134,0.49451713971477773
BTCUSDT,"['ETHUSDT', 'WBTC']",47244.76708431807,0.23578796025542448
BTCUSDT,"['WBTC', 'ETHUSDT']",47244.76708426785,0.2357879602554317
ETHUSDT,"['BTCUSDT', 'WBTC']",3149.818339981375,0.24293711095306258
ETHUSDT,"['WBTC', 'BTCUSDT']",3149.8183399848203,0.24293711095307569
WBTC,"['BTCUSDT', 'ETHUSDT']",1.0976483919272133,0.05631805245583188
WBTC,"['ETHUSDT', 'BTCUSDT']",1.0976483919272293,0.05631805245583288
BTCUSDT,"['ETHUSDT', 'XRPUSDT']",21269.088350243575,0.8359874962631146
BTCUSDT,"['XRPUSDT', 'ETHUSDT']",21269.08835024476,0.8359874962631146
ETHUSDT,"['BTCUSDT', 'XRPUSDT']",1257.9698598672649,0.3687553219057266
ETHUSDT,"['XRPUSDT', 'BTCUSDT']",1257.9698598705013,0.3687553219057166
XRPUSDT,"['BTCUSDT', 'ETHUSDT']",-1.018599504628149,0.7986925411985333
XRPUSDT,"['ETHUSDT', 'BTCUSDT']",-1.0185995046281198,0.7986925411985331
BTCUSDT,"['ETHUSDT', 'BCHUSDT']",82335.5616344127,0.22870291873911364
BTCUSDT,"['BCHUSDT', 'ETHUSDT']",82335.56163447513,0.22870291873911397
ETHUSDT,"['BTCUSDT', 'BCHUSDT']",-250.47547571837612,0.22970841044626478
ETHUSDT,"['BCHUSDT', 'BTCUSDT']",-250.47547568857442,0.22970841044625578
BCHUSDT,"['BTCUSDT', 'ETHUSDT']",0.9867775892953443,0.0034039273715590346
BCHUSDT,"['ETHUSDT', 'BTCUSDT']",0.9867775892953534,0.0034039273715578133
BTCUSDT,"['ETHUSDT', 'DAIUSDT']",82335.5616344127,0.22870291873911364
BTCUSDT,"['DAIUSDT', 'ETHUSDT']",82335.56163447513,0.22870291873911397
ETHUSDT,"['BTCUSDT', 'DAIUSDT']",-250.47547571837612,0.22970841044626478
ETHUSDT,"['DAIUSDT', 'BTCUSDT']",-250.47547568857442,0.22970841044625578
DAIUSDT,"['BTCUSDT', 'ETHUSDT']",0.9867775892953443,0.0034039273715590346
DAIUSDT,"['ETHUSDT', 'BTCUSDT']",0.9867775892953534,0.0034039273715578133
BTCUSDT,"['ETHUSDT', 'LTCUSDT']",712.0724566018027,0.7195695115969005
BTCUSDT,"['LTCUSDT', 'ETHUSDT']",712.0724565921752,0.7195695115969007
ETHUSDT,"['BTCUSDT', 'LTCUSDT']",1980.841778069766,0.2497855711190332
ETHUSDT,"['LTCUSDT', 'BTCUSDT']",1980.841778069655,0.2497855711190362
LTCUSDT,"['BTCUSDT', 'ETHUSDT']",8.475858802994768,0.7217134871899384
LTCUSDT,"['ETHUSDT', 'BTCUSDT']",8.475858802994136,0.7217134871899389
BTCUSDT,"['ETHUSDT', 'XLMUSDT']",29461.725330679852,0.7752248949287981
BTCUSDT,"['XLMUSDT', 'ETHUSDT']",29461.725330661822,0.7752248949287962
ETHUSDT,"['BTCUSDT', 'XLMUSDT']",1865.103635873209,0.24133831589858268
ETHUSDT,"['XLMUSDT', 'BTCUSDT']",1865.1036358603233,0.24133831589857246
XLMUSDT,"['BTCUSDT', 'ETHUSDT']",-0.2239501830749005,0.7446835789616597
XLMUSDT,"['ETHUSDT', 'BTCUSDT']",-0.2239501830749015,0.7446835789616593
BTCUSDT,"['ETHUSDT', 'AVAXUSDT']",18563.185568533387,0.23858690228504265
BTCUSDT,"['AVAXUSDT', 'ETHUSDT']",18563.18556853164,0.23858690228504298
ETHUSDT,"['BTCUSDT', 'AVAXUSDT']",1293.8699831494018,0.5148255673983957
ETHUSDT,"['AVAXUSDT', 'BTCUSDT']",1293.8699831493059,0.5148255673983991
AVAXUSDT,"['BTCUSDT', 'ETHUSDT']",0.8273959012554881,0.4013791962029336
AVAXUSDT,"['ETHUSDT', 'BTCUSDT']",0.8273959012542338,0.40137919620293583
BTCUSDT,"['ADAUSDT', 'BNBUSDT']",-5754.34668903939,0.9101597212613759
BTCUSDT,"['BNBUSDT', 'ADAUSDT']",-5754.346689040827,0.9101597212613768
ADAUSDT,"['BTCUSDT', 'BNBUSDT']",0.1302875586487134,0.7615679016113879
ADAUSDT,"['BNBUSDT', 'BTCUSDT']",0.13028755864883568,0.7615679016113865
BNBUSDT,"['BTCUSDT', 'ADAUSDT']",146.10801421841308,0.8146296870052263
BNBUSDT,"['ADAUSDT', 'BTCUSDT']",146.10801421605936,0.8146296870052262
BTCUSDT,"['ADAUSDT', 'DOGEUSDT']",34373.13345922347,0.7239353901753429
BTCUSDT,"['DOGEUSDT', 'ADAUSDT']",34373.13345922715,0.7239353901753427
ADAUSDT,"['BTCUSDT', 'DOGEUSDT']",-0.11761413995661002,0.606736751243909
ADAUSDT,"['DOGEUSDT', 'BTCUSDT']",-0.11761413994889225,0.6067367512439055
DOGEUSDT,"['BTCUSDT', 'ADAUSDT']",-0.10297078897716537,0.5910030761013293
DOGEUSDT,"['ADAUSDT', 'BTCUSDT']",-0.10297078897676676,0.5910030761013179
BTCUSDT,"['ADAUSDT', 'LINKUSDT']",44325.07155961095,0.6189476850278014
BTCUSDT,"['LINKUSDT', 'ADAUSDT']",44325.07155961915,0.6189476850277994
ADAUSDT,"['BTCUSDT', 'LINKUSDT']",-0.33751002515993694,0.8615590552451907
ADAUSDT,"['LINKUSDT', 'BTCUSDT']",-0.33751002515995215,0.8615590552451908
LINKUSDT,"['BTCUSDT', 'ADAUSDT']",8.135894081473298,0.7866633890929491
LINKUSDT,"['ADAUSDT', 'BTCUSDT']",8.13589408163647,0.7866633890929424
BTCUSDT,"['ADAUSDT', 'SOLUSDT']",13634.654186646065,0.7390451696438316
BTCUSDT,"['SOLUSDT', 'ADAUSDT']",13634.654186646741,0.7390451696438318
ADAUSDT,"['BTCUSDT', 'SOLUSDT']",-0.08165999832960283,0.6194738453953712
ADAUSDT,"['SOLUSDT', 'BTCUSDT']",-0.08165999832957496,0.6194738453953699
SOLUSDT,"['BTCUSDT', 'ADAUSDT']",53.84346796558218,0.4526786666674787
SOLUSDT,"['ADAUSDT', 'BTCUSDT']",53.843467965233216,0.45267866666748113
BTCUSDT,"['ADAUSDT', 'WBTC']",32793.29639366311,0.6016792587696775
BTCUSDT,"['WBTC', 'ADAUSDT']",32793.296393693694,0.6016792587696775
ADAUSDT,"['BTCUSDT', 'WBTC']",0.31835115869234043,0.6151859240275296
ADAUSDT,"['WBTC', 'BTCUSDT']",0.3183511586937909,0.6151859240275176
WBTC,"['BTCUSDT', 'ADAUSDT']",1.043404324058083,0.06990637830040691
WBTC,"['ADAUSDT', 'BTCUSDT']",1.0434043240574458,0.06990637830041213
BTCUSDT,"['ADAUSDT', 'XRPUSDT']",47859.47382539883,0.7608203560156092
BTCUSDT,"['XRPUSDT', 'ADAUSDT']",47859.473825400564,0.7608203560156088
ADAUSDT,"['BTCUSDT', 'XRPUSDT']",0.21021245773437058,0.7147524048143441
ADAUSDT,"['XRPUSDT', 'BTCUSDT']",0.2102124577330181,0.7147524048143457
XRPUSDT,"['BTCUSDT', 'ADAUSDT']",-1.6523006598437342,0.8236131697720406
XRPUSDT,"['ADAUSDT', 'BTCUSDT']",-1.652300659830783,0.8236131697720372
BTCUSDT,"['ADAUSDT', 'BCHUSDT']",58436.023334859914,0.6016708791841954
BTCUSDT,"['BCHUSDT', 'ADAUSDT']",58436.023334868005,0.6016708791841947
ADAUSDT,"['BTCUSDT', 'BCHUSDT']",-0.3114789149053645,0.6015615200394795
ADAUSDT,"['BCHUSDT', 'BTCUSDT']",-0.3114789149034589,0.6015615200394803
BCHUSDT,"['BTCUSDT', 'ADAUSDT']",0.9896217064603956,0.00044357036115749704
BCHUSDT,"['ADAUSDT', 'BTCUSDT']",0.9896217064604196,0.00044357036115105775
BTCUSDT,"['ADAUSDT', 'DAIUSDT']",58436.023334859914,0.6016708791841954
BTCUSDT,"['DAIUSDT', 'ADAUSDT']",58436.023334868005,0.6016708791841947
ADAUSDT,"['BTCUSDT', 'DAIUSDT']",-0.3114789149053645,0.6015615200394795
ADAUSDT,"['DAIUSDT', 'BTCUSDT']",-0.3114789149034589,0.6015615200394803
DAIUSDT,"['BTCUSDT', 'ADAUSDT']",0.9896217064603956,0.00044357036115749704
DAIUSDT,"['ADAUSDT', 'BTCUSDT']",0.9896217064604196,0.00044357036115105775
BTCUSDT,"['ADAUSDT', 'LTCUSDT']",11319.384900168985,0.7241923247377503
BTCUSDT,"['LTCUSDT', 'ADAUSDT']",11319.384900162075,0.7241923247377505
ADAUSDT,"['BTCUSDT', 'LTCUSDT']",-0.29095722196554297,0.7399423639474472
ADAUSDT,"['LTCUSDT', 'BTCUSDT']",-0.29095722196570256,0.7399423639474447
LTCUSDT,"['BTCUSDT', 'ADAUSDT']",23.515037897624424,0.8129497109570244
LTCUSDT,"['ADAUSDT', 'BTCUSDT']",23.515037897993743,0.8129497109570236
BTCUSDT,"['ADAUSDT', 'XLMUSDT']",53503.1778919169,0.7447994041452844
BTCUSDT,"['XLMUSDT', 'ADAUSDT']",53503.177891915926,0.7447994041452827
ADAUSDT,"['BTCUSDT', 'XLMUSDT']",0.3420940804228839,0.8693921275631887
ADAUSDT,"['XLMUSDT', 'BTCUSDT']",0.34209408044971235,0.8693921275631843
XLMUSDT,"['BTCUSDT', 'ADAUSDT']",-0.21263922661864498,0.9147720623753455
XLMUSDT,"['ADAUSDT', 'BTCUSDT']",-0.21263922661544515,0.9147720623753465
BTCUSDT,"['ADAUSDT', 'AVAXUSDT']",53082.68319060517,0.7002967628412822
BTCUSDT,"['AVAXUSDT', 'ADAUSDT']",53082.683190613156,0.7002967628412805
ADAUSDT,"['BTCUSDT', 'AVAXUSDT']",-0.46788226177759207,0.7995847760622807
ADAUSDT,"['AVAXUSDT', 'BTCUSDT']",-0.46788226177766834,0.7995847760622834
AVAXUSDT,"['BTCUSDT', 'ADAUSDT']",32.41269658411761,0.520524263869795
AVAXUSDT,"['ADAUSDT', 'BTCUSDT']",32.41269658447765,0.5205242638697812
BTCUSDT,"['BNBUSDT', 'DOGEUSDT']",6507.3259178036415,0.7874442089854007
BTCUSDT,"['DOGEUSDT', 'BNBUSDT']",6507.325917806179,0.7874442089853999
BNBUSDT,"['BTCUSDT', 'DOGEUSDT']",183.90381326694205,0.6902895836415831
BNBUSDT,"['DOGEUSDT', 'BTCUSDT']",183.90381326645598,0.6902895836416071
DOGEUSDT,"['BTCUSDT', 'BNBUSDT']",-0.10669211153049521,0.5856980009868635
DOGEUSDT,"['BNBUSDT', 'BTCUSDT']",-0.10669211153049349,0.5856980009868635
BTCUSDT,"['BNBUSDT', 'LINKUSDT']",-17915.41060719081,0.8374209040908237
BTCUSDT,"['LINKUSDT', 'BNBUSDT']",-17915.41060717823,0.8374209040908235
BNBUSDT,"['BTCUSDT', 'LINKUSDT']",232.85658486673597,0.7604286430697367
BNBUSDT,"['LINKUSDT', 'BTCUSDT']",232.85658486675175,0.7604286430697402
LINKUSDT,"['BTCUSDT', 'BNBUSDT']",10.193429907748921,0.5251458175059187
LINKUSDT,"['BNBUSDT', 'BTCUSDT']",10.193429907751149,0.5251458175059176
BTCUSDT,"['BNBUSDT', 'SOLUSDT']",-3211.655955211212,0.6933777960657844
BTCUSDT,"['SOLUSDT', 'BNBUSDT']",-3211.6559551997193,0.6933777960657833
BNBUSDT,"['BTCUSDT', 'SOLUSDT']",123.11092232156109,0.7585945739420887
BNBUSDT,"['SOLUSDT', 'BTCUSDT']",123.11092232154765,0.7585945739420876
SOLUSDT,"['BTCUSDT', 'BNBUSDT']",20.731921526305477,0.5533889860507141
SOLUSDT,"['BNBUSDT', 'BTCUSDT']",20.731921526288755,0.5533889860507146
BTCUSDT,"['BNBUSDT', 'WBTC']",36741.918123732015,0.7087587059260115
BTCUSDT,"['WBTC', 'BNBUSDT']",36741.9181236393,0.70875870592601
BNBUSDT,"['BTCUSDT', 'WBTC']",6.5515386282053445,0.6989891726407202
BNBUSDT,"['WBTC', 'BTCUSDT']",6.551538627796119,0.6989891726407187
WBTC,"['BTCUSDT', 'BNBUSDT']",1.0238952322666288,0.06420144184325216
WBTC,"['BNBUSDT', 'BTCUSDT']",1.0238952322666204,0.0642014418432525
BTCUSDT,"['BNBUSDT', 'XRPUSDT']",13853.554315227131,0.9267248223911047
BTCUSDT,"['XRPUSDT', 'BNBUSDT']",13853.554315239158,0.926724822391105
BNBUSDT,"['BTCUSDT', 'XRPUSDT']",19.9025782548449,0.7958358097370405
BNBUSDT,"['XRPUSDT', 'BTCUSDT']",19.90257825547953,0.7958358097370443
XRPUSDT,"['BTCUSDT', 'BNBUSDT']",-1.1577711389894834,0.8376141165787179
XRPUSDT,"['BNBUSDT', 'BTCUSDT']",-1.1577711389891685,0.8376141165787176
BTCUSDT,"['BNBUSDT', 'BCHUSDT']",56994.267730226245,0.691389727217861
BTCUSDT,"['BCHUSDT', 'BNBUSDT']",56994.26773029292,0.6913897272178572
BNBUSDT,"['BTCUSDT', 'BCHUSDT']",-197.6544906420614,0.6914152254778292
BNBUSDT,"['BCHUSDT', 'BTCUSDT']",-197.65449063723244,0.6914152254778297
BCHUSDT,"['BTCUSDT', 'BNBUSDT']",0.9876146442203055,0.0042620155356040135
BCHUSDT,"['BNBUSDT', 'BTCUSDT']",0.9876146442202971,0.004262015535593133
BTCUSDT,"['BNBUSDT', 'DAIUSDT']",56994.267730226245,0.691389727217861
BTCUSDT,"['DAIUSDT', 'BNBUSDT']",56994.26773029292,0.6913897272178572
BNBUSDT,"['BTCUSDT', 'DAIUSDT']",-197.6544906420614,0.6914152254778292
BNBUSDT,"['DAIUSDT', 'BTCUSDT']",-197.65449063723244,0.6914152254778297
DAIUSDT,"['BTCUSDT', 'BNBUSDT']",0.9876146442203055,0.0042620155356040135
DAIUSDT,"['BNBUSDT', 'BTCUSDT']",0.9876146442202971,0.004262015535593133
BTCUSDT,"['BNBUSDT', 'LTCUSDT']",-13875.252621740838,0.8718502005532678
BTCUSDT,"['LTCUSDT', 'BNBUSDT']",-13875.25262173744,0.8718502005532678
BNBUSDT,"['BTCUSDT', 'LTCUSDT']",217.16245526314344,0.7193823345057202
BNBUSDT,"['LTCUSDT', 'BTCUSDT']",217.16245526316763,0.7193823345057204
LTCUSDT,"['BTCUSDT', 'BNBUSDT']",26.909335996346528,0.7403858747056264
LTCUSDT,"['BNBUSDT', 'BTCUSDT']",26.909335996351395,0.7403858747056271
BTCUSDT,"['BNBUSDT', 'XLMUSDT']",11448.581911806094,0.9232063135590762
BTCUSDT,"['XLMUSDT', 'BNBUSDT']",11448.58191180461,0.9232063135590751
BNBUSDT,"['BTCUSDT', 'XLMUSDT']",39.562038310542675,0.7941002445847319
BNBUSDT,"['XLMUSDT', 'BTCUSDT']",39.56203830254656,0.7941002445847272
XLMUSDT,"['BTCUSDT', 'BNBUSDT']",-0.1533039518574225,0.827180401116588
XLMUSDT,"['BNBUSDT', 'BTCUSDT']",-0.1533039518573722,0.8271804011165872
BTCUSDT,"['BNBUSDT', 'AVAXUSDT']",-11077.594617248033,0.7108892502709805
BTCUSDT,"['AVAXUSDT', 'BNBUSDT']",-11077.59461723698,0.7108892502709813
BNBUSDT,"['BTCUSDT', 'AVAXUSDT']",218.2513531661464,0.6990622987056865
BNBUSDT,"['AVAXUSDT', 'BTCUSDT']",218.25135316614399,0.6990622987056876
AVAXUSDT,"['BTCUSDT', 'BNBUSDT']",30.641833031194206,0.07394439799834984
AVAXUSDT,"['BNBUSDT', 'BTCUSDT']",30.641833031196484,0.07394439799834962
BTCUSDT,"['DOGEUSDT', 'LINKUSDT']",28876.834207216456,0.6685868443153064
BTCUSDT,"['LINKUSDT', 'DOGEUSDT']",28876.834207217107,0.6685868443153055
DOGEUSDT,"['BTCUSDT', 'LINKUSDT']",-0.11103307666383085,0.5856378668233767
DOGEUSDT,"['LINKUSDT', 'BTCUSDT']",-0.11103307666383003,0.5856378668233768
LINKUSDT,"['BTCUSDT', 'DOGEUSDT']",5.45032397040017,0.38603414597541574
LINKUSDT,"['DOGEUSDT', 'BTCUSDT']",5.450323970420424,0.3860341459754332
BTCUSDT,"['DOGEUSDT', 'SOLUSDT']",43800.76770749605,0.5858237727766449
BTCUSDT,"['SOLUSDT', 'DOGEUSDT']",43800.76770749081,0.585823772776644
DOGEUSDT,"['BTCUSDT', 'SOLUSDT']",-0.1992625166421972,0.7903381155480083
DOGEUSDT,"['SOLUSDT', 'BTCUSDT']",-0.1992625166422265,0.7903381155480071
SOLUSDT,"['BTCUSDT', 'DOGEUSDT']",96.09904203935874,0.7100382782980275
SOLUSDT,"['DOGEUSDT', 'BTCUSDT']",96.09904204828598,0.710038278298031
BTCUSDT,"['DOGEUSDT', 'WBTC']",37539.10168282138,0.5862082584505439
BTCUSDT,"['WBTC', 'DOGEUSDT']",37539.10168284018,0.5862082584505448
DOGEUSDT,"['BTCUSDT', 'WBTC']",0.10774200170189667,0.604682421439904
DOGEUSDT,"['WBTC', 'BTCUSDT']",0.1077420017025531,0.6046824214399122
WBTC,"['BTCUSDT', 'DOGEUSDT']",1.0303825120585492,0.08127578345520281
WBTC,"['DOGEUSDT', 'BTCUSDT']",1.0303825120525074,0.08127578345519515
BTCUSDT,"['DOGEUSDT', 'XRPUSDT']",43015.28525026994,0.8746627573611534
BTCUSDT,"['XRPUSDT', 'DOGEUSDT']",43015.28525026994,0.8746627573611533
DOGEUSDT,"['BTCUSDT', 'XRPUSDT']",-0.2103264136954477,0.6427535359634367
DOGEUSDT,"['XRPUSDT', 'BTCUSDT']",-0.21032641369506933,0.6427535359634355
XRPUSDT,"['BTCUSDT', 'DOGEUSDT']",-2.155417819961542,0.7875897725823519
XRPUSDT,"['DOGEUSDT', 'BTCUSDT']",-2.1554178200310115,0.7875897725823547
BTCUSDT,"['DOGEUSDT', 'BCHUSDT']",46465.24923195144,0.5855690384666894
BTCUSDT,"['BCHUSDT', 'DOGEUSDT']",46465.24923191777,0.5855690384666868
DOGEUSDT,"['BTCUSDT', 'BCHUSDT']",-0.031032016755373287,0.5856446744932835
DOGEUSDT,"['BCHUSDT', 'BTCUSDT']",-0.03103201675649123,0.5856446744932851
BCHUSDT,"['BTCUSDT', 'DOGEUSDT']",0.9892537249333757,0.0005011737386846349
BCHUSDT,"['DOGEUSDT', 'BTCUSDT']",0.9892537249333098,0.0005011737386881876
BTCUSDT,"['DOGEUSDT', 'DAIUSDT']",46465.24923195144,0.5855690384666894
BTCUSDT,"['DAIUSDT', 'DOGEUSDT']",46465.24923191777,0.5855690384666868
DOGEUSDT,"['BTCUSDT', 'DAIUSDT']",-0.031032016755373287,0.5856446744932835
DOGEUSDT,"['DAIUSDT', 'BTCUSDT']",-0.03103201675649123,0.5856446744932851
DAIUSDT,"['BTCUSDT', 'DOGEUSDT']",0.9892537249333757,0.0005011737386846349
DAIUSDT,"['DOGEUSDT', 'BTCUSDT']",0.9892537249333098,0.0005011737386881876
BTCUSDT,"['DOGEUSDT', 'LTCUSDT']",11543.972145225445,0.8278491207631287
BTCUSDT,"['LTCUSDT', 'DOGEUSDT']",11543.972145221564,0.8278491207631293
DOGEUSDT,"['BTCUSDT', 'LTCUSDT']",-0.09107331737665324,0.6011189149260007
DOGEUSDT,"['LTCUSDT', 'BTCUSDT']",-0.09107331737663565,0.6011189149260018
LTCUSDT,"['BTCUSDT', 'DOGEUSDT']",13.44772321831956,0.7241356775933964
LTCUSDT,"['DOGEUSDT', 'BTCUSDT']",13.44772321738671,0.7241356775933872
BTCUSDT,"['DOGEUSDT', 'XLMUSDT']",43196.568121970675,0.8180484714565629
BTCUSDT,"['XLMUSDT', 'DOGEUSDT']",43196.568121971606,0.8180484714565626
DOGEUSDT,"['BTCUSDT', 'XLMUSDT']",-0.12321854708395086,0.5868545825038105
DOGEUSDT,"['XLMUSDT', 'BTCUSDT']",-0.12321854708468082,0.5868545825038214
XLMUSDT,"['BTCUSDT', 'DOGEUSDT']",-0.27389227507878233,0.7407738048977739
XLMUSDT,"['DOGEUSDT', 'BTCUSDT']",-0.27389227508045016,0.7407738048977768
BTCUSDT,"['DOGEUSDT', 'AVAXUSDT']",47915.0759398606,0.5876273890094523
BTCUSDT,"['AVAXUSDT', 'DOGEUSDT']",47915.07593986221,0.5876273890094519
DOGEUSDT,"['BTCUSDT', 'AVAXUSDT']",-0.1597641599361388,0.6168837066211852
DOGEUSDT,"['AVAXUSDT', 'BTCUSDT']",-0.15976415993615667,0.6168837066211859
AVAXUSDT,"['BTCUSDT', 'DOGEUSDT']",30.678004467172215,0.1186876226020207
AVAXUSDT,"['DOGEUSDT', 'BTCUSDT']",30.678004468248908,0.11868762260204768
BTCUSDT,"['LINKUSDT', 'SOLUSDT']",1665.779892758178,0.6246642766507233
BTCUSDT,"['SOLUSDT', 'LINKUSDT']",1665.7798927555289,0.6246642766507231
LINKUSDT,"['BTCUSDT', 'SOLUSDT']",6.646588444564101,0.4048095782923302
LINKUSDT,"['SOLUSDT', 'BTCUSDT']",6.646588444564722,0.404809578292331
SOLUSDT,"['BTCUSDT', 'LINKUSDT']",67.53983866266765,0.44446303701874657
SOLUSDT,"['LINKUSDT', 'BTCUSDT']",67.53983866267066,0.4444630370187471
BTCUSDT,"['LINKUSDT', 'WBTC']",39242.09257688361,0.3868836131848865
BTCUSDT,"['WBTC', 'LINKUSDT']",39242.092576866955,0.3868836131848884
LINKUSDT,"['BTCUSDT', 'WBTC']",16.0671499961678,0.4068134744462367
LINKUSDT,"['WBTC', 'BTCUSDT']",16.067149996200968,0.4068134744462286
WBTC,"['BTCUSDT', 'LINKUSDT']",1.0729461476575968,0.0696075945651986
WBTC,"['LINKUSDT', 'BTCUSDT']",1.072946147657617,0.0696075945651955
BTCUSDT,"['LINKUSDT', 'XRPUSDT']",51607.083156696,0.7536009394364221
BTCUSDT,"['XRPUSDT', 'LINKUSDT']",51607.08315669527,0.7536009394364219
LINKUSDT,"['BTCUSDT', 'XRPUSDT']",12.281350532879237,0.5081456660443477
LINKUSDT,"['XRPUSDT', 'BTCUSDT']",12.281350532853125,0.5081456660443457
XRPUSDT,"['BTCUSDT', 'LINKUSDT']",-2.1625608574584727,0.8026305961372986
XRPUSDT,"['LINKUSDT', 'BTCUSDT']",-2.1625608574585113,0.8026305961372981
BTCUSDT,"['LINKUSDT', 'BCHUSDT']",119828.44820508736,0.38868436166167764
BTCUSDT,"['BCHUSDT', 'LINKUSDT']",119828.44820520075,0.3886843616616791
LINKUSDT,"['BTCUSDT', 'BCHUSDT']",-22.92953592920795,0.39037217423898274
LINKUSDT,"['BCHUSDT', 'BTCUSDT']",-22.929535928839883,0.3903721742389963
BCHUSDT,"['BTCUSDT', 'LINKUSDT']",0.9881496171716893,0.00754691291235543
BCHUSDT,"['LINKUSDT', 'BTCUSDT']",0.9881496171717099,0.007546912912315018
BTCUSDT,"['LINKUSDT', 'DAIUSDT']",119828.44820508736,0.38868436166167764
BTCUSDT,"['DAIUSDT', 'LINKUSDT']",119828.44820520075,0.3886843616616791
LINKUSDT,"['BTCUSDT', 'DAIUSDT']",-22.92953592920795,0.39037217423898274
LINKUSDT,"['DAIUSDT', 'BTCUSDT']",-22.929535928839883,0.3903721742389963
DAIUSDT,"['BTCUSDT', 'LINKUSDT']",0.9881496171716893,0.00754691291235543
DAIUSDT,"['LINKUSDT', 'BTCUSDT']",0.9881496171717099,0.007546912912315018
BTCUSDT,"['LINKUSDT', 'LTCUSDT']",8008.660181780169,0.7190449532277208
BTCUSDT,"['LTCUSDT', 'LINKUSDT']",8008.660181769915,0.7190449532277214
LINKUSDT,"['BTCUSDT', 'LTCUSDT']",1.8625288474695045,0.6317367971982301
LINKUSDT,"['LTCUSDT', 'BTCUSDT']",1.8625288474655448,0.6317367971982298
LTCUSDT,"['BTCUSDT', 'LINKUSDT']",6.67198754936211,0.828111721553526
LTCUSDT,"['LINKUSDT', 'BTCUSDT']",6.671987549361987,0.8281117215535254
BTCUSDT,"['LINKUSDT', 'XLMUSDT']",51784.52098052665,0.740967425999915
BTCUSDT,"['XLMUSDT', 'LINKUSDT']",51784.52098052958,0.7409674259999142
LINKUSDT,"['BTCUSDT', 'XLMUSDT']",12.685019892080232,0.5591854991810394
LINKUSDT,"['XLMUSDT', 'BTCUSDT']",12.685019892479911,0.5591854991810419
XLMUSDT,"['BTCUSDT', 'LINKUSDT']",-0.3224015814172006,0.8133329519489289
XLMUSDT,"['LINKUSDT', 'BTCUSDT']",-0.3224015814172078,0.8133329519489304
BTCUSDT,"['LINKUSDT', 'AVAXUSDT']",38891.92790986865,0.47301561739210296
BTCUSDT,"['AVAXUSDT', 'LINKUSDT']",38891.92790986922,0.4730156173921026
LINKUSDT,"['BTCUSDT', 'AVAXUSDT']",-2.2035661493178695,0.7111957510092167
LINKUSDT,"['AVAXUSDT', 'BTCUSDT']",-2.203566149319366,0.7111957510092141
AVAXUSDT,"['BTCUSDT', 'LINKUSDT']",16.427438012869484,0.5516278104078103
AVAXUSDT,"['LINKUSDT', 'BTCUSDT']",16.42743801286885,0.551627810407822
BTCUSDT,"['SOLUSDT', 'WBTC']",33092.7790784493,0.4282105299595872
BTCUSDT,"['WBTC', 'SOLUSDT']",33092.779078436615,0.42821052995958664
SOLUSDT,"['BTCUSDT', 'WBTC']",132.52623068296043,0.44020616672645085
SOLUSDT,"['WBTC', 'BTCUSDT']",132.52623068319338,0.4402061667264574
WBTC,"['BTCUSDT', 'SOLUSDT']",1.0751751492592305,0.059311223084776654
WBTC,"['SOLUSDT', 'BTCUSDT']",1.0751751492592474,0.059311223084782094
BTCUSDT,"['SOLUSDT', 'XRPUSDT']",24433.2698274671,0.9007393004654682
BTCUSDT,"['XRPUSDT', 'SOLUSDT']",24433.269827467593,0.9007393004654687
SOLUSDT,"['BTCUSDT', 'XRPUSDT']",-18.253564563336415,0.6427817088088579
SOLUSDT,"['XRPUSDT', 'BTCUSDT']",-18.25356456303796,0.642781708808855
XRPUSDT,"['BTCUSDT', 'SOLUSDT']",-1.332353579166241,0.8464251892622181
XRPUSDT,"['SOLUSDT', 'BTCUSDT']",-1.3323535791660661,0.8464251892622172
BTCUSDT,"['SOLUSDT', 'BCHUSDT']",28297.716317719263,0.426857142391166
BTCUSDT,"['BCHUSDT', 'SOLUSDT']",28297.71631770084,0.42685714239116634
SOLUSDT,"['BTCUSDT', 'BCHUSDT']",95.39233835237863,0.4269397781467097
SOLUSDT,"['BCHUSDT', 'BTCUSDT']",95.39233835183296,0.4269397781466977
BCHUSDT,"['BTCUSDT', 'SOLUSDT']",0.989789521763077,0.00048701123679584235
BCHUSDT,"['SOLUSDT', 'BTCUSDT']",0.9897895217630981,0.00048701123678596137
BTCUSDT,"['SOLUSDT', 'DAIUSDT']",28297.716317719263,0.426857142391166
BTCUSDT,"['DAIUSDT', 'SOLUSDT']",28297.71631770084,0.42685714239116634
SOLUSDT,"['BTCUSDT', 'DAIUSDT']",95.39233835237863,0.4269397781467097
SOLUSDT,"['DAIUSDT', 'BTCUSDT']",95.39233835183296,0.4269397781466977
DAIUSDT,"['BTCUSDT', 'SOLUSDT']",0.989789521763077,0.00048701123679584235
DAIUSDT,"['SOLUSDT', 'BTCUSDT']",0.9897895217630981,0.00048701123678596137
BTCUSDT,"['SOLUSDT', 'LTCUSDT']",-10121.263894028823,0.8373798226722936
BTCUSDT,"['LTCUSDT', 'SOLUSDT']",-10121.2638940328,0.8373798226722942
SOLUSDT,"['BTCUSDT', 'LTCUSDT']",78.02651248586497,0.5187193498766745
SOLUSDT,"['LTCUSDT', 'BTCUSDT']",78.02651248588363,0.5187193498766702
LTCUSDT,"['BTCUSDT', 'SOLUSDT']",26.309897921562126,0.7593259254536968
LTCUSDT,"['SOLUSDT', 'BTCUSDT']",26.309897921566254,0.759325925453697
BTCUSDT,"['SOLUSDT', 'XLMUSDT']",26859.964290833952,0.8422361143670238
BTCUSDT,"['XLMUSDT', 'SOLUSDT']",26859.964290835836,0.8422361143670236
SOLUSDT,"['BTCUSDT', 'XLMUSDT']",18.975063450963056,0.5016231771791879
SOLUSDT,"['XLMUSDT', 'BTCUSDT']",18.97506344873382,0.5016231771791902
XLMUSDT,"['BTCUSDT', 'SOLUSDT']",-0.21605738668377777,0.7738937341895182
XLMUSDT,"['SOLUSDT', 'BTCUSDT']",-0.21605738668376076,0.7738937341895185
BTCUSDT,"['SOLUSDT', 'AVAXUSDT']",21005.551413228102,0.42707434199327343
BTCUSDT,"['AVAXUSDT', 'SOLUSDT']",21005.551413227855,0.4270743419932732
SOLUSDT,"['BTCUSDT', 'AVAXUSDT']",40.48073698497035,0.4562086695306157
SOLUSDT,"['AVAXUSDT', 'BTCUSDT']",40.480736984965894,0.456208669530616
AVAXUSDT,"['BTCUSDT', 'SOLUSDT']",22.136825573155562,0.09549631230530065
AVAXUSDT,"['SOLUSDT', 'BTCUSDT']",22.13682557315473,0.09549631230531153
BTCUSDT,"['WBTC', 'XRPUSDT']",78884.9464092573,0.7625858859055484
BTCUSDT,"['XRPUSDT', 'WBTC']",78884.94640930735,0.7625858859055488
WBTC,"['BTCUSDT', 'XRPUSDT']",1.0862171997508305,0.04872160744458165
WBTC,"['XRPUSDT', 'BTCUSDT']",1.0862171997507355,0.04872160744462295
XRPUSDT,"['BTCUSDT', 'WBTC']",-2.651453399570417,0.7566249354471367
XRPUSDT,"['WBTC', 'BTCUSDT']",-2.651453399572378,0.7566249354471365
BTCUSDT,"['WBTC', 'BCHUSDT']",163546.48145408026,0.03737184879988875
BTCUSDT,"['BCHUSDT', 'WBTC']",163546.481454148,0.03737184879988742
WBTC,"['BTCUSDT', 'BCHUSDT']",1.2311829931379057,0.037671716679496314
WBTC,"['BCHUSDT', 'BTCUSDT']",1.2311829931351117,0.03767171667951652
BCHUSDT,"['BTCUSDT', 'WBTC']",0.9945316405435988,0.0011654046245462846
BCHUSDT,"['WBTC', 'BTCUSDT']",0.9945316405437725,0.0011654046245567207
BTCUSDT,"['WBTC', 'DAIUSDT']",163546.48145408026,0.03737184879988875
BTCUSDT,"['DAIUSDT', 'WBTC']",163546.481454148,0.03737184879988742
WBTC,"['BTCUSDT', 'DAIUSDT']",1.2311829931379057,0.037671716679496314
WBTC,"['DAIUSDT', 'BTCUSDT']",1.2311829931351117,0.03767171667951652
DAIUSDT,"['BTCUSDT', 'WBTC']",0.9945316405435988,0.0011654046245462846
DAIUSDT,"['WBTC', 'BTCUSDT']",0.9945316405437725,0.0011654046245567207
BTCUSDT,"['WBTC', 'LTCUSDT']",17732.756597258347,0.7146081188000153
BTCUSDT,"['LTCUSDT', 'WBTC']",17732.756597281645,0.7146081188000151
WBTC,"['BTCUSDT', 'LTCUSDT']",1.059623235763968,0.03893253257755025
WBTC,"['LTCUSDT', 'BTCUSDT']",1.0596232357639677,0.03893253257754392
LTCUSDT,"['BTCUSDT', 'WBTC']",25.616808260368877,0.7139994073706194
LTCUSDT,"['WBTC', 'BTCUSDT']",25.616808260409595,0.7139994073706245
BTCUSDT,"['WBTC', 'XLMUSDT']",59929.88563053873,0.7412522025970458
BTCUSDT,"['XLMUSDT', 'WBTC']",59929.885630543184,0.7412522025970458
WBTC,"['BTCUSDT', 'XLMUSDT']",1.0464070100394185,0.037973222452225563
WBTC,"['XLMUSDT', 'BTCUSDT']",1.0464070100389813,0.03797322245221613
XLMUSDT,"['BTCUSDT', 'WBTC']",-0.2287599223424852,0.740268832085114
XLMUSDT,"['WBTC', 'BTCUSDT']",-0.22875992234232964,0.7402688320851216
BTCUSDT,"['WBTC', 'AVAXUSDT']",97078.90350766262,0.06334542217891137
BTCUSDT,"['AVAXUSDT', 'WBTC']",97078.90350773712,0.06334542217891304
WBTC,"['BTCUSDT', 'AVAXUSDT']",1.1104569508703976,0.11977330690494092
WBTC,"['AVAXUSDT', 'BTCUSDT']",1.1104569508704305,0.11977330690493915
AVAXUSDT,"['BTCUSDT', 'WBTC']",69.34528078917313,0.12872602020772272
AVAXUSDT,"['WBTC', 'BTCUSDT']",69.34528078930066,0.12872602020772927
BTCUSDT,"['XRPUSDT', 'BCHUSDT']",68698.659854541,0.7536849537978565
BTCUSDT,"['BCHUSDT', 'XRPUSDT']",68698.6598545319,0.7536849537978547
XRPUSDT,"['BTCUSDT', 'BCHUSDT']",-2.376017876777255,0.7536274340526774
XRPUSDT,"['BCHUSDT', 'BTCUSDT']",-2.376017876771019,0.7536274340526833
BCHUSDT,"['BTCUSDT', 'XRPUSDT']",0.9900834046399951,0.00047370192400675304
BCHUSDT,"['XRPUSDT', 'BTCUSDT']",0.9900834046400191,0.0004737019239742235
BTCUSDT,"['XRPUSDT', 'DAIUSDT']",68698.659854541,0.7536849537978565
BTCUSDT,"['DAIUSDT', 'XRPUSDT']",68698.6598545319,0.7536849537978547
XRPUSDT,"['BTCUSDT', 'DAIUSDT']",-2.376017876777255,0.7536274340526774
XRPUSDT,"['DAIUSDT', 'BTCUSDT']",-2.376017876771019,0.7536274340526833
DAIUSDT,"['BTCUSDT', 'XRPUSDT']",0.9900834046399951,0.00047370192400675304
DAIUSDT,"['XRPUSDT', 'BTCUSDT']",0.9900834046400191,0.0004737019239742235
BTCUSDT,"['XRPUSDT', 'LTCUSDT']",30995.19530095428,0.7877610614159072
BTCUSDT,"['LTCUSDT', 'XRPUSDT']",30995.19530094928,0.7877610614159063
XRPUSDT,"['BTCUSDT', 'LTCUSDT']",-2.20967415730295,0.8158101867621497
XRPUSDT,"['LTCUSDT', 'BTCUSDT']",-2.209674157303347,0.8158101867621474
LTCUSDT,"['BTCUSDT', 'XRPUSDT']",41.45157219935405,0.7857552360943976
LTCUSDT,"['XRPUSDT', 'BTCUSDT']",41.45157219926436,0.7857552360943945
BTCUSDT,"['XRPUSDT', 'XLMUSDT']",50182.18274228294,0.772906396788895
BTCUSDT,"['XLMUSDT', 'XRPUSDT']",50182.18274228314,0.7729063967888943
XRPUSDT,"['BTCUSDT', 'XLMUSDT']",-0.6445208738832591,0.8877383778397077
XRPUSDT,"['XLMUSDT', 'BTCUSDT']",-0.6445208738161476,0.8877383778397081
XLMUSDT,"['BTCUSDT', 'XRPUSDT']",-0.0453975019786967,0.8815323499627318
XLMUSDT,"['XRPUSDT', 'BTCUSDT']",-0.045397501979537236,0.8815323499627331
BTCUSDT,"['XRPUSDT', 'AVAXUSDT']",47061.74398113252,0.7590152384329583
BTCUSDT,"['AVAXUSDT', 'XRPUSDT']",47061.743981131935,0.7590152384329583
XRPUSDT,"['BTCUSDT', 'AVAXUSDT']",-1.8149412304986803,0.7541143339766962
XRPUSDT,"['AVAXUSDT', 'BTCUSDT']",-1.8149412304987802,0.7541143339766957
AVAXUSDT,"['BTCUSDT', 'XRPUSDT']",24.498063092917622,0.04868362048511321
AVAXUSDT,"['XRPUSDT', 'BTCUSDT']",24.498063092924678,0.04868362048511854
BTCUSDT,"['BCHUSDT', 'DAIUSDT']",97681.38992369236,0.0002886890371538442
BTCUSDT,"['DAIUSDT', 'BCHUSDT']",97681.38992369236,0.0002886890371538442
BCHUSDT,"['BTCUSDT', 'DAIUSDT']",1.430470325525235e-13,1.0
BCHUSDT,"['DAIUSDT', 'BTCUSDT']",1.2805701377766043e-11,1.0
DAIUSDT,"['BTCUSDT', 'BCHUSDT']",1.430470325525235e-13,1.0
DAIUSDT,"['BCHUSDT', 'BTCUSDT']",1.2805701377766043e-11,1.0
BTCUSDT,"['BCHUSDT', 'LTCUSDT']",37964.56460857765,0.713701091273525
BTCUSDT,"['LTCUSDT', 'BCHUSDT']",37964.56460853795,0.7137010912735237
BCHUSDT,"['BTCUSDT', 'LTCUSDT']",0.9890422884037735,0.0011132660001991201
BCHUSDT,"['LTCUSDT', 'BTCUSDT']",0.9890422884037762,0.0011132660002320938
LTCUSDT,"['BTCUSDT', 'BCHUSDT']",-11.964767979836022,0.7136092570651609
LTCUSDT,"['BCHUSDT', 'BTCUSDT']",-11.964767979486467,0.7136092570651678
BTCUSDT,"['BCHUSDT', 'XLMUSDT']",79570.8517089054,0.7402724422016809
BTCUSDT,"['XLMUSDT', 'BCHUSDT']",79570.85170889343,0.7402724422016808
BCHUSDT,"['BTCUSDT', 'XLMUSDT']",0.9907049130069738,0.0011721866095091293
BCHUSDT,"['XLMUSDT', 'BTCUSDT']",0.9907049130070551,0.0011721866095049105
XLMUSDT,"['BTCUSDT', 'BCHUSDT']",-0.45579581999897256,0.7401891946612624
XLMUSDT,"['BCHUSDT', 'BTCUSDT']",-0.4557958199965439,0.7401891946612618
BTCUSDT,"['BCHUSDT', 'AVAXUSDT']",105723.32159127691,0.0474969705695768
BTCUSDT,"['AVAXUSDT', 'BCHUSDT']",105723.32159123747,0.04749697056957647
BCHUSDT,"['BTCUSDT', 'AVAXUSDT']",0.9877496184264138,0.0035437612547488673
BCHUSDT,"['AVAXUSDT', 'BTCUSDT']",0.9877496184264387,0.0035437612547442043
AVAXUSDT,"['BTCUSDT', 'BCHUSDT']",-21.490686504009705,0.049727602851640684
AVAXUSDT,"['BCHUSDT', 'BTCUSDT']",-21.490686503391238,0.04972760285160538
BTCUSDT,"['DAIUSDT', 'LTCUSDT']",37964.56460857765,0.713701091273525
BTCUSDT,"['LTCUSDT', 'DAIUSDT']",37964.56460853795,0.7137010912735237
DAIUSDT,"['BTCUSDT', 'LTCUSDT']",0.9890422884037735,0.0011132660001991201
DAIUSDT,"['LTCUSDT', 'BTCUSDT']",0.9890422884037762,0.0011132660002320938
LTCUSDT,"['BTCUSDT', 'DAIUSDT']",-11.964767979836022,0.7136092570651609
LTCUSDT,"['DAIUSDT', 'BTCUSDT']",-11.964767979486467,0.7136092570651678
BTCUSDT,"['DAIUSDT', 'XLMUSDT']",79570.8517089054,0.7402724422016809
BTCUSDT,"['XLMUSDT', 'DAIUSDT']",79570.85170889343,0.7402724422016808
DAIUSDT,"['BTCUSDT', 'XLMUSDT']",0.9907049130069738,0.0011721866095091293
DAIUSDT,"['XLMUSDT', 'BTCUSDT']",0.9907049130070551,0.0011721866095049105
XLMUSDT,"['BTCUSDT', 'DAIUSDT']",-0.45579581999897256,0.7401891946612624
XLMUSDT,"['DAIUSDT', 'BTCUSDT']",-0.4557958199965439,0.7401891946612618
BTCUSDT,"['DAIUSDT', 'AVAXUSDT']",105723.32159127691,0.0474969705695768
BTCUSDT,"['AVAXUSDT', 'DAIUSDT']",105723.32159123747,0.04749697056957647
DAIUSDT,"['BTCUSDT', 'AVAXUSDT']",0.9877496184264138,0.0035437612547488673
DAIUSDT,"['AVAXUSDT', 'BTCUSDT']",0.9877496184264387,0.0035437612547442043
AVAXUSDT,"['BTCUSDT', 'DAIUSDT']",-21.490686504009705,0.049727602851640684
AVAXUSDT,"['DAIUSDT', 'BTCUSDT']",-21.490686503391238,0.04972760285160538
BTCUSDT,"['LTCUSDT', 'XLMUSDT']",27191.38883350587,0.7882967697972314
BTCUSDT,"['XLMUSDT', 'LTCUSDT']",27191.38883351203,0.7882967697972296
LTCUSDT,"['BTCUSDT', 'XLMUSDT']",35.875672810040754,0.767647264613249
LTCUSDT,"['XLMUSDT', 'BTCUSDT']",35.875672811059275,0.7676472646132467
XLMUSDT,"['BTCUSDT', 'LTCUSDT']",-0.31386292887978506,0.7891994979873904
XLMUSDT,"['LTCUSDT', 'BTCUSDT']",-0.3138629288798419,0.7891994979873893
BTCUSDT,"['LTCUSDT', 'AVAXUSDT']",13991.757303777918,0.744031169537601
BTCUSDT,"['AVAXUSDT', 'LTCUSDT']",13991.757303788097,0.7440311695375987
LTCUSDT,"['BTCUSDT', 'AVAXUSDT']",1.1870057058465537,0.783886471985717
LTCUSDT,"['AVAXUSDT', 'BTCUSDT']",1.1870057058421224,0.7838864719857175
AVAXUSDT,"['BTCUSDT', 'LTCUSDT']",19.357196604383745,0.2811651794833143
AVAXUSDT,"['LTCUSDT', 'BTCUSDT']",19.357196604375872,0.2811651794833082
BTCUSDT,"['XLMUSDT', 'AVAXUSDT']",54554.253066942096,0.7462743666069602
BTCUSDT,"['AVAXUSDT', 'XLMUSDT']",54554.253066940015,0.7462743666069598
XLMUSDT,"['BTCUSDT', 'AVAXUSDT']",-0.32877078165356677,0.7642606094113085
XLMUSDT,"['AVAXUSDT', 'BTCUSDT']",-0.32877078165359486,0.764260609411308
AVAXUSDT,"['BTCUSDT', 'XLMUSDT']",36.95145028179283,0.1357180195983625
AVAXUSDT,"['XLMUSDT', 'BTCUSDT']",36.951450282374864,0.1357180195983958
ETHUSDT,"['ADAUSDT', 'BNBUSDT']",1647.165691542062,0.3807995533561299
ETHUSDT,"['BNBUSDT', 'ADAUSDT']",1647.1656915419903,0.3807995533561279
ADAUSDT,"['ETHUSDT', 'BNBUSDT']",-0.21781355536361952,0.27650882190625314
ADAUSDT,"['BNBUSDT', 'ETHUSDT']",-0.21781355536364372,0.27650882190625414
BNBUSDT,"['ETHUSDT', 'ADAUSDT']",194.94399979582022,0.3273321086852171
BNBUSDT,"['ADAUSDT', 'ETHUSDT']",194.94399979588007,0.32733210868521967
ETHUSDT,"['ADAUSDT', 'DOGEUSDT']",2406.493912868226,0.277321564729185
ETHUSDT,"['DOGEUSDT', 'ADAUSDT']",2406.4939128682795,0.27732156472918346
ADAUSDT,"['ETHUSDT', 'DOGEUSDT']",-0.017983501900258502,0.4603213706832696
ADAUSDT,"['DOGEUSDT', 'ETHUSDT']",-0.017983501900611674,0.46032137068327017
DOGEUSDT,"['ETHUSDT', 'ADAUSDT']",-0.058859362999481996,0.4362912892020584
DOGEUSDT,"['ADAUSDT', 'ETHUSDT']",-0.05885936299938309,0.43629128920206384
ETHUSDT,"['ADAUSDT', 'LINKUSDT']",1880.8640772582135,0.3639365574589668
ETHUSDT,"['LINKUSDT', 'ADAUSDT']",1880.8640772581343,0.363936557458966
ADAUSDT,"['ETHUSDT', 'LINKUSDT']",-0.14041779453851294,0.778777233215306
ADAUSDT,"['LINKUSDT', 'ETHUSDT']",-0.14041779453853026,0.7787772332153075
LINKUSDT,"['ETHUSDT', 'ADAUSDT']",2.046414308481868,0.8125085071928899
LINKUSDT,"['ADAUSDT', 'ETHUSDT']",2.0464143084884237,0.8125085071928886
ETHUSDT,"['ADAUSDT', 'SOLUSDT']",1792.4909094637544,0.3817381289622177
ETHUSDT,"['SOLUSDT', 'ADAUSDT']",1792.490909463746,0.3817381289622157
ADAUSDT,"['ETHUSDT', 'SOLUSDT']",-0.1764594944533286,0.27037623950332534
ADAUSDT,"['SOLUSDT', 'ETHUSDT']",-0.17645949445331596,0.270376239503324
SOLUSDT,"['ETHUSDT', 'ADAUSDT']",37.11410201233886,0.3172686518053436
SOLUSDT,"['ADAUSDT', 'ETHUSDT']",37.114102012357066,0.3172686518053419
ETHUSDT,"['ADAUSDT', 'WBTC']",3180.992900477775,0.2507514682442056
ETHUSDT,"['WBTC', 'ADAUSDT']",3180.9929004765872,0.25075146824420724
ADAUSDT,"['ETHUSDT', 'WBTC']",0.5360647721548525,0.26932231116494687
ADAUSDT,"['WBTC', 'ETHUSDT']",0.5360647721535422,0.26932231116494654
WBTC,"['ETHUSDT', 'ADAUSDT']",1.0822998330969722,0.07887198802485318
WBTC,"['ADAUSDT', 'ETHUSDT']",1.0822998330969504,0.07887198802485018
ETHUSDT,"['ADAUSDT', 'XRPUSDT']",2171.5036149718844,0.3623138498199754
ETHUSDT,"['XRPUSDT', 'ADAUSDT']",2171.503614972161,0.36231384981997994
ADAUSDT,"['ETHUSDT', 'XRPUSDT']",-0.1011090137071985,0.8024013423154853
ADAUSDT,"['XRPUSDT', 'ETHUSDT']",-0.10110901370718554,0.8024013423154863
XRPUSDT,"['ETHUSDT', 'ADAUSDT']",0.30313558194634277,0.7524007814042595
XRPUSDT,"['ADAUSDT', 'ETHUSDT']",0.30313558194775325,0.7524007814042621
ETHUSDT,"['ADAUSDT', 'BCHUSDT']",341.18877964017906,0.24504500189074063
ETHUSDT,"['BCHUSDT', 'ADAUSDT']",341.1887796354807,0.24504500189074074
ADAUSDT,"['ETHUSDT', 'BCHUSDT']",0.475047684587989,0.24385199019407222
ADAUSDT,"['BCHUSDT', 'ETHUSDT']",0.47504768458863433,0.24385199019407333
BCHUSDT,"['ETHUSDT', 'ADAUSDT']",0.9860576257691209,0.0025602576256485987
BCHUSDT,"['ADAUSDT', 'ETHUSDT']",0.9860576257691345,0.002560257625649376
ETHUSDT,"['ADAUSDT', 'DAIUSDT']",341.18877964017906,0.24504500189074063
ETHUSDT,"['DAIUSDT', 'ADAUSDT']",341.1887796354807,0.24504500189074074
ADAUSDT,"['ETHUSDT', 'DAIUSDT']",0.475047684587989,0.24385199019407222
ADAUSDT,"['DAIUSDT', 'ETHUSDT']",0.47504768458863433,0.24385199019407333
DAIUSDT,"['ETHUSDT', 'ADAUSDT']",0.9860576257691209,0.0025602576256485987
DAIUSDT,"['ADAUSDT', 'ETHUSDT']",0.9860576257691345,0.002560257625649376
ETHUSDT,"['ADAUSDT', 'LTCUSDT']",2200.2158855588723,0.2572325587274451
ETHUSDT,"['LTCUSDT', 'ADAUSDT']",2200.2158855587954,0.25723255872744466
ADAUSDT,"['ETHUSDT', 'LTCUSDT']",-0.3742849236440017,0.7382082616599415
ADAUSDT,"['LTCUSDT', 'ETHUSDT']",-0.37428492364412463,0.7382082616599404
LTCUSDT,"['ETHUSDT', 'ADAUSDT']",34.381515812505256,0.7347806301917923
LTCUSDT,"['ADAUSDT', 'ETHUSDT']",34.381515812535724,0.7347806301917912
ETHUSDT,"['ADAUSDT', 'XLMUSDT']",2069.1948520887763,0.332981361122912
ETHUSDT,"['XLMUSDT', 'ADAUSDT']",2069.194852088912,0.3329813611229159
ADAUSDT,"['ETHUSDT', 'XLMUSDT']",0.02313381144100251,0.8988593595582685
ADAUSDT,"['XLMUSDT', 'ETHUSDT']",0.023133811440739508,0.8988593595582703
XLMUSDT,"['ETHUSDT', 'ADAUSDT']",-0.026307140874369618,0.8827160431489455
XLMUSDT,"['ADAUSDT', 'ETHUSDT']",-0.026307140874135073,0.882716043148941
ETHUSDT,"['ADAUSDT', 'AVAXUSDT']",1839.5417194359202,0.41358959557152
ETHUSDT,"['AVAXUSDT', 'ADAUSDT']",1839.5417194360052,0.41358959557151553
ADAUSDT,"['ETHUSDT', 'AVAXUSDT']",-0.13289072777324507,0.38459165898484626
ADAUSDT,"['AVAXUSDT', 'ETHUSDT']",-0.13289072777323896,0.38459165898484526
AVAXUSDT,"['ETHUSDT', 'ADAUSDT']",1.7961164193236274,0.5060565710414244
AVAXUSDT,"['ADAUSDT', 'ETHUSDT']",1.796116419330993,0.5060565710414251
ETHUSDT,"['BNBUSDT', 'DOGEUSDT']",1823.7007964599875,0.31822294067841517
ETHUSDT,"['DOGEUSDT', 'BNBUSDT']",1823.7007964600562,0.31822294067841717
BNBUSDT,"['ETHUSDT', 'DOGEUSDT']",233.2945179372211,0.47923384352726095
BNBUSDT,"['DOGEUSDT', 'ETHUSDT']",233.29451793706926,0.47923384352726217
DOGEUSDT,"['ETHUSDT', 'BNBUSDT']",-0.1688372040570414,0.41494752667186385
DOGEUSDT,"['BNBUSDT', 'ETHUSDT']",-0.16883720405708003,0.41494752667186563
ETHUSDT,"['BNBUSDT', 'LINKUSDT']",1192.7245766468097,0.5014962567876943
ETHUSDT,"['LINKUSDT', 'BNBUSDT']",1192.7245766470392,0.5014962567876954
BNBUSDT,"['ETHUSDT', 'LINKUSDT']",181.9289636789973,0.29678512847926797
BNBUSDT,"['LINKUSDT', 'ETHUSDT']",181.9289636790171,0.2967851284792672
LINKUSDT,"['ETHUSDT', 'BNBUSDT']",0.2833267159969669,0.3589788840078292
LINKUSDT,"['BNBUSDT', 'ETHUSDT']",0.2833267159977219,0.35897888400782774
ETHUSDT,"['BNBUSDT', 'SOLUSDT']",1623.8066601827486,0.33786062422115715
ETHUSDT,"['SOLUSDT', 'BNBUSDT']",1623.806660182854,0.3378606242211585
BNBUSDT,"['ETHUSDT', 'SOLUSDT']",118.14606587978216,0.578109084304993
BNBUSDT,"['SOLUSDT', 'ETHUSDT']",118.14606587976634,0.5781090843049903
SOLUSDT,"['ETHUSDT', 'BNBUSDT']",-4.753702934970916,0.5753964782829066
SOLUSDT,"['BNBUSDT', 'ETHUSDT']",-4.75370293498938,0.5753964782829062
ETHUSDT,"['BNBUSDT', 'WBTC']",3135.6835206621554,0.32793996646564993
ETHUSDT,"['WBTC', 'BNBUSDT']",3135.6835206588494,0.32793996646564916
BNBUSDT,"['ETHUSDT', 'WBTC']",81.99524316880043,0.29883673870504124
BNBUSDT,"['WBTC', 'ETHUSDT']",81.995243169063,0.29883673870504135
WBTC,"['ETHUSDT', 'BNBUSDT']",1.0827532302063811,0.04929486938659533
WBTC,"['BNBUSDT', 'ETHUSDT']",1.0827532302063605,0.04929486938659644
ETHUSDT,"['BNBUSDT', 'XRPUSDT']",1617.6776282504397,0.3050639797084389
ETHUSDT,"['XRPUSDT', 'BNBUSDT']",1617.677628250812,0.3050639797084381
BNBUSDT,"['ETHUSDT', 'XRPUSDT']",191.59225705572635,0.49690877499841823
BNBUSDT,"['XRPUSDT', 'ETHUSDT']",191.5922570557335,0.4969087749984181
XRPUSDT,"['ETHUSDT', 'BNBUSDT']",-0.9889663518361759,0.32197678485862724
XRPUSDT,"['BNBUSDT', 'ETHUSDT']",-0.9889663518366187,0.32197678485863124
ETHUSDT,"['BNBUSDT', 'BCHUSDT']",293.58875302328283,0.2971697694993096
ETHUSDT,"['BCHUSDT', 'BNBUSDT']",293.58875301937985,0.29716976949931606
BNBUSDT,"['ETHUSDT', 'BCHUSDT']",202.16031815375953,0.2963104833766611
BNBUSDT,"['BCHUSDT', 'ETHUSDT']",202.16031815352284,0.29631048337666455
BCHUSDT,"['ETHUSDT', 'BNBUSDT']",0.9863063644548188,0.0016255041630147682
BCHUSDT,"['BNBUSDT', 'ETHUSDT']",0.9863063644547945,0.0016255041630008904
ETHUSDT,"['BNBUSDT', 'DAIUSDT']",293.58875302328283,0.2971697694993096
ETHUSDT,"['DAIUSDT', 'BNBUSDT']",293.58875301937985,0.29716976949931606
BNBUSDT,"['ETHUSDT', 'DAIUSDT']",202.16031815375953,0.2963104833766611
BNBUSDT,"['DAIUSDT', 'ETHUSDT']",202.16031815352284,0.29631048337666455
DAIUSDT,"['ETHUSDT', 'BNBUSDT']",0.9863063644548188,0.0016255041630147682
DAIUSDT,"['BNBUSDT', 'ETHUSDT']",0.9863063644547945,0.0016255041630008904
ETHUSDT,"['BNBUSDT', 'LTCUSDT']",1561.8987787430528,0.3325255095100361
ETHUSDT,"['LTCUSDT', 'BNBUSDT']",1561.8987787431392,0.33252550951003546
BNBUSDT,"['ETHUSDT', 'LTCUSDT']",117.30371526581354,0.4536492234860423
BNBUSDT,"['LTCUSDT', 'ETHUSDT']",117.30371526577835,0.45364922348603987
LTCUSDT,"['ETHUSDT', 'BNBUSDT']",9.291405821557753,0.4046759760491361
LTCUSDT,"['BNBUSDT', 'ETHUSDT']",9.291405821550413,0.4046759760491325
ETHUSDT,"['BNBUSDT', 'XLMUSDT']",1753.588166101821,0.2999261381813323
ETHUSDT,"['XLMUSDT', 'BNBUSDT']",1753.588166101962,0.2999261381813335
BNBUSDT,"['ETHUSDT', 'XLMUSDT']",217.77964487713592,0.4438726727754164
BNBUSDT,"['XLMUSDT', 'ETHUSDT']",217.779644877092,0.4438726727754272
XLMUSDT,"['ETHUSDT', 'BNBUSDT']",-0.20833327246440211,0.30638306460322495
XLMUSDT,"['BNBUSDT', 'ETHUSDT']",-0.20833327246445432,0.3063830646032226
ETHUSDT,"['BNBUSDT', 'AVAXUSDT']",724.7299122370459,0.6340116034362149
ETHUSDT,"['AVAXUSDT', 'BNBUSDT']",724.7299122372478,0.6340116034362168
BNBUSDT,"['ETHUSDT', 'AVAXUSDT']",180.94501891465399,0.40213640049068067
BNBUSDT,"['AVAXUSDT', 'ETHUSDT']",180.9450189146355,0.40213640049068256
AVAXUSDT,"['ETHUSDT', 'BNBUSDT']",4.975569698877218,0.48388261443995706
AVAXUSDT,"['BNBUSDT', 'ETHUSDT']",4.9755696988813005,0.4838826144399577
ETHUSDT,"['DOGEUSDT', 'LINKUSDT']",1934.4851446437829,0.3957812965444649
ETHUSDT,"['LINKUSDT', 'DOGEUSDT']",1934.4851446438233,0.3957812965444659
DOGEUSDT,"['ETHUSDT', 'LINKUSDT']",-0.08872871755691315,0.2768074975359305
DOGEUSDT,"['LINKUSDT', 'ETHUSDT']",-0.08872871755690823,0.2768074975359305
LINKUSDT,"['ETHUSDT', 'DOGEUSDT']",1.1965741769972262,0.4132053612282106
LINKUSDT,"['DOGEUSDT', 'ETHUSDT']",1.1965741769941562,0.4132053612282066
ETHUSDT,"['DOGEUSDT', 'SOLUSDT']",1921.30290731332,0.2918047234180151
ETHUSDT,"['SOLUSDT', 'DOGEUSDT']",1921.3029073132666,0.2918047234180159
DOGEUSDT,"['ETHUSDT', 'SOLUSDT']",-0.1578294243526727,0.7098686388475519
DOGEUSDT,"['SOLUSDT', 'ETHUSDT']",-0.1578294243526948,0.7098686388475508
SOLUSDT,"['ETHUSDT', 'DOGEUSDT']",59.69511619103923,0.740088182458517
SOLUSDT,"['DOGEUSDT', 'ETHUSDT']",59.69511619095766,0.7400881824585239
ETHUSDT,"['DOGEUSDT', 'WBTC']",3367.1703989605294,0.21726180988518207
ETHUSDT,"['WBTC', 'DOGEUSDT']",3367.1703989591642,0.2172618098851813
DOGEUSDT,"['ETHUSDT', 'WBTC']",0.22067610758218167,0.2451463676373702
DOGEUSDT,"['WBTC', 'ETHUSDT']",0.2206761075815709,0.24514636763737008
WBTC,"['ETHUSDT', 'DOGEUSDT']",1.075856301264543,0.08896016382188443
WBTC,"['DOGEUSDT', 'ETHUSDT']",1.0758563012645785,0.0889601638218881
ETHUSDT,"['DOGEUSDT', 'XRPUSDT']",2621.560265874172,0.21015818771807637
ETHUSDT,"['XRPUSDT', 'DOGEUSDT']",2621.560265874173,0.21015818771807693
DOGEUSDT,"['ETHUSDT', 'XRPUSDT']",-0.07987086985254552,0.4150656148954893
DOGEUSDT,"['XRPUSDT', 'ETHUSDT']",-0.07987086985254177,0.4150656148954882
XRPUSDT,"['ETHUSDT', 'DOGEUSDT']",0.2848058401763489,0.298297689437246
XRPUSDT,"['DOGEUSDT', 'ETHUSDT']",0.28480584017496313,0.29829768943724144
ETHUSDT,"['DOGEUSDT', 'BCHUSDT']",184.16098070041122,0.21199706356675774
ETHUSDT,"['BCHUSDT', 'DOGEUSDT']",184.16098069534624,0.21199706356675296
DOGEUSDT,"['ETHUSDT', 'BCHUSDT']",0.2802755706745339,0.21111245532785694
DOGEUSDT,"['BCHUSDT', 'ETHUSDT']",0.28027557067500564,0.21111245532785783
BCHUSDT,"['ETHUSDT', 'DOGEUSDT']",0.9857644056822934,0.0037337247318307565
BCHUSDT,"['DOGEUSDT', 'ETHUSDT']",0.9857644056822958,0.0037337247318364186
ETHUSDT,"['DOGEUSDT', 'DAIUSDT']",184.16098070041122,0.21199706356675774
ETHUSDT,"['DAIUSDT', 'DOGEUSDT']",184.16098069534624,0.21199706356675296
DOGEUSDT,"['ETHUSDT', 'DAIUSDT']",0.2802755706745339,0.21111245532785694
DOGEUSDT,"['DAIUSDT', 'ETHUSDT']",0.28027557067500564,0.21111245532785783
DAIUSDT,"['ETHUSDT', 'DOGEUSDT']",0.9857644056822934,0.0037337247318307565
DAIUSDT,"['DOGEUSDT', 'ETHUSDT']",0.9857644056822958,0.0037337247318364186
ETHUSDT,"['DOGEUSDT', 'LTCUSDT']",2107.390355232552,0.28080709794851566
ETHUSDT,"['LTCUSDT', 'DOGEUSDT']",2107.3903552324464,0.28080709794851566
DOGEUSDT,"['ETHUSDT', 'LTCUSDT']",-0.14280335510475722,0.3770984584668873
DOGEUSDT,"['LTCUSDT', 'ETHUSDT']",-0.14280335510478379,0.3770984584668907
LTCUSDT,"['ETHUSDT', 'DOGEUSDT']",33.65301804494672,0.39584387540348354
LTCUSDT,"['DOGEUSDT', 'ETHUSDT']",33.653018044921,0.3958438754034752
ETHUSDT,"['DOGEUSDT', 'XLMUSDT']",2609.970929729437,0.21492022676626166
ETHUSDT,"['XLMUSDT', 'DOGEUSDT']",2609.9709297294226,0.2149202267662631
DOGEUSDT,"['ETHUSDT', 'XLMUSDT']",-0.04856773650058256,0.47184538545950294
DOGEUSDT,"['XLMUSDT', 'ETHUSDT']",-0.04856773650064311,0.4718453854595094
XLMUSDT,"['ETHUSDT', 'DOGEUSDT']",-0.026183326801326595,0.41365332908348695
XLMUSDT,"['DOGEUSDT', 'ETHUSDT']",-0.02618332680155879,0.41365332908349217
ETHUSDT,"['DOGEUSDT', 'AVAXUSDT']",1774.9389307290226,0.4607607035500899
ETHUSDT,"['AVAXUSDT', 'DOGEUSDT']",1774.9389307290262,0.46076070355009
DOGEUSDT,"['ETHUSDT', 'AVAXUSDT']",-0.087832420435107,0.21377874647211415
DOGEUSDT,"['AVAXUSDT', 'ETHUSDT']",-0.0878324204351118,0.2137787464721127
AVAXUSDT,"['ETHUSDT', 'DOGEUSDT']",0.3747019903129602,0.395857916871555
AVAXUSDT,"['DOGEUSDT', 'ETHUSDT']",0.37470199031197804,0.3958579168715508
ETHUSDT,"['LINKUSDT', 'SOLUSDT']",1337.085125903361,0.5006809285405759
ETHUSDT,"['SOLUSDT', 'LINKUSDT']",1337.0851259033136,0.5006809285405737
LINKUSDT,"['ETHUSDT', 'SOLUSDT']",0.2273467778868754,0.3592014519594603
LINKUSDT,"['SOLUSDT', 'ETHUSDT']",0.2273467778876921,0.3592014519594583
SOLUSDT,"['ETHUSDT', 'LINKUSDT']",33.24309856204769,0.292509443178392
SOLUSDT,"['LINKUSDT', 'ETHUSDT']",33.24309856205426,0.29250944317839145
ETHUSDT,"['LINKUSDT', 'WBTC']",2460.514893639378,0.3621325016148743
ETHUSDT,"['WBTC', 'LINKUSDT']",2460.514893638364,0.36213250161487176
LINKUSDT,"['ETHUSDT', 'WBTC']",10.559151655716663,0.37703916299162943
LINKUSDT,"['WBTC', 'ETHUSDT']",10.559151655697145,0.37703916299164075
WBTC,"['ETHUSDT', 'LINKUSDT']",1.0902136916848022,0.0733768605348909
WBTC,"['LINKUSDT', 'ETHUSDT']",1.0902136916848097,0.0733768605348889
ETHUSDT,"['LINKUSDT', 'XRPUSDT']",1655.4799264459339,0.43955402538815913
ETHUSDT,"['XRPUSDT', 'LINKUSDT']",1655.4799264458654,0.4395540253881589
LINKUSDT,"['ETHUSDT', 'XRPUSDT']",0.6066586542500694,0.7093231549857882
LINKUSDT,"['XRPUSDT', 'ETHUSDT']",0.606658654250339,0.7093231549857882
XRPUSDT,"['ETHUSDT', 'LINKUSDT']",-0.17497482733570643,0.5702419997173194
XRPUSDT,"['LINKUSDT', 'ETHUSDT']",-0.17497482733582687,0.5702419997173176
ETHUSDT,"['LINKUSDT', 'BCHUSDT']",1603.0348253807351,0.35859310660025834
ETHUSDT,"['BCHUSDT', 'LINKUSDT']",1603.034825378792,0.3585931066002608
LINKUSDT,"['ETHUSDT', 'BCHUSDT']",-13.19093767881669,0.3595290577991893
LINKUSDT,"['BCHUSDT', 'ETHUSDT']",-13.190937678844014,0.3595290577991793
BCHUSDT,"['ETHUSDT', 'LINKUSDT']",0.9862508078796981,0.0031552210810991133
BCHUSDT,"['LINKUSDT', 'ETHUSDT']",0.9862508078797039,0.003155221081093229
ETHUSDT,"['LINKUSDT', 'DAIUSDT']",1603.0348253807351,0.35859310660025834
ETHUSDT,"['DAIUSDT', 'LINKUSDT']",1603.034825378792,0.3585931066002608
LINKUSDT,"['ETHUSDT', 'DAIUSDT']",-13.19093767881669,0.3595290577991893
LINKUSDT,"['DAIUSDT', 'ETHUSDT']",-13.190937678844014,0.3595290577991793
DAIUSDT,"['ETHUSDT', 'LINKUSDT']",0.9862508078796981,0.0031552210810991133
DAIUSDT,"['LINKUSDT', 'ETHUSDT']",0.9862508078797039,0.003155221081093229
ETHUSDT,"['LINKUSDT', 'LTCUSDT']",1926.1903817533207,0.3587997224582453
ETHUSDT,"['LTCUSDT', 'LINKUSDT']",1926.1903817532461,0.3587997224582429
LINKUSDT,"['ETHUSDT', 'LTCUSDT']",-3.495194283157809,0.6858370216143713
LINKUSDT,"['LTCUSDT', 'ETHUSDT']",-3.4951942831595817,0.6858370216143713
LTCUSDT,"['ETHUSDT', 'LINKUSDT']",24.72263544132651,0.6244631490837562
LTCUSDT,"['LINKUSDT', 'ETHUSDT']",24.722635441325757,0.6244631490837556
ETHUSDT,"['LINKUSDT', 'XLMUSDT']",1791.4251325620135,0.379943726346742
ETHUSDT,"['XLMUSDT', 'LINKUSDT']",1791.4251325620244,0.3799437263467407
LINKUSDT,"['ETHUSDT', 'XLMUSDT']",2.1839469314338316,0.687368556502905
LINKUSDT,"['XLMUSDT', 'ETHUSDT']",2.183946931430735,0.6873685565029118
XLMUSDT,"['ETHUSDT', 'LINKUSDT']",-0.10376078933139228,0.5722462567379875
XLMUSDT,"['LINKUSDT', 'ETHUSDT']",-0.1037607893314057,0.572246256737988
ETHUSDT,"['LINKUSDT', 'AVAXUSDT']",1687.0225565302894,0.4451625655651099
ETHUSDT,"['AVAXUSDT', 'LINKUSDT']",1687.02255653029,0.44516256556511025
LINKUSDT,"['ETHUSDT', 'AVAXUSDT']",0.15193043272019024,0.5228070432243862
LINKUSDT,"['AVAXUSDT', 'ETHUSDT']",0.15193043272030335,0.5228070432243876
AVAXUSDT,"['ETHUSDT', 'LINKUSDT']",-0.2788818977365058,0.5480856711041515
AVAXUSDT,"['LINKUSDT', 'ETHUSDT']",-0.27888189773590766,0.5480856711041495
ETHUSDT,"['SOLUSDT', 'WBTC']",2668.5098891170956,0.29946861582130313
ETHUSDT,"['WBTC', 'SOLUSDT']",2668.509889116028,0.29946861582130835
SOLUSDT,"['ETHUSDT', 'WBTC']",115.55556747431334,0.3076886189309347
SOLUSDT,"['WBTC', 'ETHUSDT']",115.55556747416428,0.3076886189309358
WBTC,"['ETHUSDT', 'SOLUSDT']",1.0997613897642855,0.06729406867637022
WBTC,"['SOLUSDT', 'ETHUSDT']",1.099761389764303,0.06729406867637333
ETHUSDT,"['SOLUSDT', 'XRPUSDT']",1919.3260397834915,0.29411249369978176
ETHUSDT,"['XRPUSDT', 'SOLUSDT']",1919.3260397835247,0.2941124936997819
SOLUSDT,"['ETHUSDT', 'XRPUSDT']",34.78176958224708,0.3399587455000802
SOLUSDT,"['XRPUSDT', 'ETHUSDT']",34.78176958224918,0.33995874550007965
XRPUSDT,"['ETHUSDT', 'SOLUSDT']",-0.3815553644203101,0.11613591930552214
XRPUSDT,"['SOLUSDT', 'ETHUSDT']",-0.38155536442037014,0.11613591930552336
ETHUSDT,"['SOLUSDT', 'BCHUSDT']",-587.9956412784311,0.2944818868702118
ETHUSDT,"['BCHUSDT', 'SOLUSDT']",-587.9956412835388,0.2944818868702158
SOLUSDT,"['ETHUSDT', 'BCHUSDT']",189.2486687463144,0.2936628009178579
SOLUSDT,"['BCHUSDT', 'ETHUSDT']",189.24866874647398,0.29366280091786034
BCHUSDT,"['ETHUSDT', 'SOLUSDT']",0.9868204686723944,0.004271224207113455
BCHUSDT,"['SOLUSDT', 'ETHUSDT']",0.9868204686723958,0.004271224207111457
ETHUSDT,"['SOLUSDT', 'DAIUSDT']",-587.9956412784311,0.2944818868702118
ETHUSDT,"['DAIUSDT', 'SOLUSDT']",-587.9956412835388,0.2944818868702158
SOLUSDT,"['ETHUSDT', 'DAIUSDT']",189.2486687463144,0.2936628009178579
SOLUSDT,"['DAIUSDT', 'ETHUSDT']",189.24866874647398,0.29366280091786034
DAIUSDT,"['ETHUSDT', 'SOLUSDT']",0.9868204686723944,0.004271224207113455
DAIUSDT,"['SOLUSDT', 'ETHUSDT']",0.9868204686723958,0.004271224207111457
ETHUSDT,"['SOLUSDT', 'LTCUSDT']",1502.3622830419854,0.3793369154842614
ETHUSDT,"['LTCUSDT', 'SOLUSDT']",1502.3622830419608,0.3793369154842614
SOLUSDT,"['ETHUSDT', 'LTCUSDT']",25.34863136181297,0.31337485774252516
SOLUSDT,"['LTCUSDT', 'ETHUSDT']",25.348631361809552,0.3133748577425268
LTCUSDT,"['ETHUSDT', 'SOLUSDT']",21.874140458063707,0.256607580671218
LTCUSDT,"['SOLUSDT', 'ETHUSDT']",21.87414045806495,0.2566075806712176
ETHUSDT,"['SOLUSDT', 'XLMUSDT']",1943.9250698383776,0.3097578744933627
ETHUSDT,"['XLMUSDT', 'SOLUSDT']",1943.9250698383617,0.30975787449336245
SOLUSDT,"['ETHUSDT', 'XLMUSDT']",40.88199119968054,0.3539713739905609
SOLUSDT,"['XLMUSDT', 'ETHUSDT']",40.88199119967415,0.35397137399055423
XLMUSDT,"['ETHUSDT', 'SOLUSDT']",-0.13948885034529113,0.19940329804795465
XLMUSDT,"['SOLUSDT', 'ETHUSDT']",-0.1394888503452979,0.19940329804795376
ETHUSDT,"['SOLUSDT', 'AVAXUSDT']",1277.575396258448,0.525538148788444
ETHUSDT,"['AVAXUSDT', 'SOLUSDT']",1277.5753962584804,0.525538148788444
SOLUSDT,"['ETHUSDT', 'AVAXUSDT']",33.17685806216544,0.2932631396523897
SOLUSDT,"['AVAXUSDT', 'ETHUSDT']",33.176858062162296,0.29326313965238837
AVAXUSDT,"['ETHUSDT', 'SOLUSDT']",0.16510215542835327,0.3937933431404389
AVAXUSDT,"['SOLUSDT', 'ETHUSDT']",0.16510215543008097,0.39379334314043746
ETHUSDT,"['WBTC', 'XRPUSDT']",4418.694496648284,0.0876447994223114
ETHUSDT,"['XRPUSDT', 'WBTC']",4418.6944966514075,0.08764479942231185
WBTC,"['ETHUSDT', 'XRPUSDT']",1.089086259958215,0.05017350685368549
WBTC,"['XRPUSDT', 'ETHUSDT']",1.08908625995822,0.05017350685368771
XRPUSDT,"['ETHUSDT', 'WBTC']",0.8032467558800838,0.0559056131497605
XRPUSDT,"['WBTC', 'ETHUSDT']",0.8032467558782264,0.05590561314976494
ETHUSDT,"['WBTC', 'BCHUSDT']",3036.3965780527506,0.047084549669967224
ETHUSDT,"['BCHUSDT', 'WBTC']",3036.3965780441313,0.04708454966997622
WBTC,"['ETHUSDT', 'BCHUSDT']",1.191504947654772,0.04613790166241627
WBTC,"['BCHUSDT', 'ETHUSDT']",1.1915049476544337,0.046137901662403835
BCHUSDT,"['ETHUSDT', 'WBTC']",0.9892902848134499,0.0019063231351416077
BCHUSDT,"['WBTC', 'ETHUSDT']",0.9892902848136005,0.001906323135113852
ETHUSDT,"['WBTC', 'DAIUSDT']",3036.3965780527506,0.047084549669967224
ETHUSDT,"['DAIUSDT', 'WBTC']",3036.3965780441313,0.04708454966997622
WBTC,"['ETHUSDT', 'DAIUSDT']",1.191504947654772,0.04613790166241627
WBTC,"['DAIUSDT', 'ETHUSDT']",1.1915049476544337,0.046137901662403835
DAIUSDT,"['ETHUSDT', 'WBTC']",0.9892902848134499,0.0019063231351416077
DAIUSDT,"['WBTC', 'ETHUSDT']",0.9892902848136005,0.001906323135113852
ETHUSDT,"['WBTC', 'LTCUSDT']",3089.879766276611,0.24917907584045385
ETHUSDT,"['LTCUSDT', 'WBTC']",3089.8797662788807,0.24917907584045362
WBTC,"['ETHUSDT', 'LTCUSDT']",1.0985701685978624,0.05487675394010971
WBTC,"['LTCUSDT', 'ETHUSDT']",1.0985701685978477,0.05487675394011382
LTCUSDT,"['ETHUSDT', 'WBTC']",54.87726407131798,0.24047232349190306
LTCUSDT,"['WBTC', 'ETHUSDT']",54.87726407126634,0.24047232349191283
ETHUSDT,"['WBTC', 'XLMUSDT']",4045.219650152947,0.14574454644623103
ETHUSDT,"['XLMUSDT', 'WBTC']",4045.2196501553744,0.1457445464462367
WBTC,"['ETHUSDT', 'XLMUSDT']",1.0838688829236875,0.058981161758500655
WBTC,"['XLMUSDT', 'ETHUSDT']",1.0838688829237078,0.05898116175849932
XLMUSDT,"['ETHUSDT', 'WBTC']",0.15047674069342698,0.13440032521902723
XLMUSDT,"['WBTC', 'ETHUSDT']",0.1504767406929276,0.13440032521903733
ETHUSDT,"['WBTC', 'AVAXUSDT']",1966.8664693857816,0.39268508649601586
ETHUSDT,"['AVAXUSDT', 'WBTC']",1966.8664693854457,0.39268508649601863
WBTC,"['ETHUSDT', 'AVAXUSDT']",1.0895093309817159,0.10432292805274923
WBTC,"['AVAXUSDT', 'ETHUSDT']",1.089509330981718,0.10432292805275356
AVAXUSDT,"['ETHUSDT', 'WBTC']",29.912422139006217,0.4297423134228615
AVAXUSDT,"['WBTC', 'ETHUSDT']",29.912422138949427,0.4297423134228593
ETHUSDT,"['XRPUSDT', 'BCHUSDT']",863.9150808616591,0.053422527790601415
ETHUSDT,"['BCHUSDT', 'XRPUSDT']",863.915080857324,0.05342252779059775
XRPUSDT,"['ETHUSDT', 'BCHUSDT']",1.3396174592749683,0.05196558894018766
XRPUSDT,"['BCHUSDT', 'ETHUSDT']",1.33961745927673,0.051965588940190766
BCHUSDT,"['ETHUSDT', 'XRPUSDT']",0.9862258839179601,0.0019813050055015324
BCHUSDT,"['XRPUSDT', 'ETHUSDT']",0.9862258839179661,0.0019813050055009773
ETHUSDT,"['XRPUSDT', 'DAIUSDT']",863.9150808616591,0.053422527790601415
ETHUSDT,"['DAIUSDT', 'XRPUSDT']",863.915080857324,0.05342252779059775
XRPUSDT,"['ETHUSDT', 'DAIUSDT']",1.3396174592749683,0.05196558894018766
XRPUSDT,"['DAIUSDT', 'ETHUSDT']",1.33961745927673,0.051965588940190766
DAIUSDT,"['ETHUSDT', 'XRPUSDT']",0.9862258839179601,0.0019813050055015324
DAIUSDT,"['XRPUSDT', 'ETHUSDT']",0.9862258839179661,0.0019813050055009773
ETHUSDT,"['XRPUSDT', 'LTCUSDT']",1093.2578912772976,0.38047457291116304
ETHUSDT,"['LTCUSDT', 'XRPUSDT']",1093.2578912770696,0.3804745729111709
XRPUSDT,"['ETHUSDT', 'LTCUSDT']",-1.1955231592188564,0.7990261769979057
XRPUSDT,"['LTCUSDT', 'ETHUSDT']",-1.1955231592194184,0.7990261769979065
LTCUSDT,"['ETHUSDT', 'XRPUSDT']",28.085626748697095,0.83751116830717
LTCUSDT,"['XRPUSDT', 'ETHUSDT']",28.0856267486985,0.8375111683071699
ETHUSDT,"['XRPUSDT', 'XLMUSDT']",2775.3236742232625,0.19904662973142384
ETHUSDT,"['XLMUSDT', 'XRPUSDT']",2775.323674223315,0.19904662973142262
XRPUSDT,"['ETHUSDT', 'XLMUSDT']",0.47332622356540655,0.882690359465911
XRPUSDT,"['XLMUSDT', 'ETHUSDT']",0.4733262235642448,0.8826903594659108
XLMUSDT,"['ETHUSDT', 'XRPUSDT']",-0.07906462597765243,0.8914371253737874
XLMUSDT,"['XRPUSDT', 'ETHUSDT']",-0.07906462597764653,0.891437125373787
ETHUSDT,"['XRPUSDT', 'AVAXUSDT']",1816.8070912546298,0.40826950441040366
ETHUSDT,"['AVAXUSDT', 'XRPUSDT']",1816.80709125455,0.4082695044104053
XRPUSDT,"['ETHUSDT', 'AVAXUSDT']",-0.15581353187867014,0.052476436037847574
XRPUSDT,"['AVAXUSDT', 'ETHUSDT']",-0.15581353187868982,0.05247643603784646
AVAXUSDT,"['ETHUSDT', 'XRPUSDT']",-0.1308626319891264,0.393070043603826
AVAXUSDT,"['XRPUSDT', 'ETHUSDT']",-0.13086263198867945,0.3930700436038269
ETHUSDT,"['BCHUSDT', 'DAIUSDT']",1008.0144931841564,0.001479851591011938
ETHUSDT,"['DAIUSDT', 'BCHUSDT']",1008.0144931841564,0.001479851591011938
BCHUSDT,"['ETHUSDT', 'DAIUSDT']",2.454932958306788e-13,1.0
BCHUSDT,"['DAIUSDT', 'ETHUSDT']",-1.7045670430704263e-12,1.0
DAIUSDT,"['ETHUSDT', 'BCHUSDT']",2.454932958306788e-13,1.0
DAIUSDT,"['BCHUSDT', 'ETHUSDT']",-1.7045670430704263e-12,1.0
ETHUSDT,"['BCHUSDT', 'LTCUSDT']",90.61681986747556,0.23485482365378674
ETHUSDT,"['LTCUSDT', 'BCHUSDT']",90.61681987146258,0.23485482365377697
BCHUSDT,"['ETHUSDT', 'LTCUSDT']",0.9865897329246216,0.002115646399194704
BCHUSDT,"['LTCUSDT', 'ETHUSDT']",0.9865897329246043,0.002115646399195148
LTCUSDT,"['ETHUSDT', 'BCHUSDT']",62.70087875035696,0.2336102988306109
LTCUSDT,"['BCHUSDT', 'ETHUSDT']",62.700878750373136,0.2336102988306138
ETHUSDT,"['BCHUSDT', 'XLMUSDT']",856.411302412088,0.12397311490456508
ETHUSDT,"['XLMUSDT', 'BCHUSDT']",856.4113024167641,0.12397311490457019
BCHUSDT,"['ETHUSDT', 'XLMUSDT']",0.9861317532911213,0.0018631518341675202
BCHUSDT,"['XLMUSDT', 'ETHUSDT']",0.9861317532911302,0.0018631518341926112
XLMUSDT,"['ETHUSDT', 'BCHUSDT']",0.08323314237470862,0.12254845326555275
XLMUSDT,"['BCHUSDT', 'ETHUSDT']",0.08323314237490534,0.1225484532655533
ETHUSDT,"['BCHUSDT', 'AVAXUSDT']",1469.2728147061998,0.3925871107907838
ETHUSDT,"['AVAXUSDT', 'BCHUSDT']",1469.2728147083058,0.3925871107907838
BCHUSDT,"['ETHUSDT', 'AVAXUSDT']",0.9862716445810658,0.0027631806134824632
BCHUSDT,"['AVAXUSDT', 'ETHUSDT']",0.9862716445810691,0.00276318061348646
AVAXUSDT,"['ETHUSDT', 'BCHUSDT']",-22.831321962996586,0.39321856603593164
AVAXUSDT,"['BCHUSDT', 'ETHUSDT']",-22.83132196304545,0.39321856603592853
ETHUSDT,"['DAIUSDT', 'LTCUSDT']",90.61681986747556,0.23485482365378674
ETHUSDT,"['LTCUSDT', 'DAIUSDT']",90.61681987146258,0.23485482365377697
DAIUSDT,"['ETHUSDT', 'LTCUSDT']",0.9865897329246216,0.002115646399194704
DAIUSDT,"['LTCUSDT', 'ETHUSDT']",0.9865897329246043,0.002115646399195148
LTCUSDT,"['ETHUSDT', 'DAIUSDT']",62.70087875035696,0.2336102988306109
LTCUSDT,"['DAIUSDT', 'ETHUSDT']",62.700878750373136,0.2336102988306138
ETHUSDT,"['DAIUSDT', 'XLMUSDT']",856.411302412088,0.12397311490456508
ETHUSDT,"['XLMUSDT', 'DAIUSDT']",856.4113024167641,0.12397311490457019
DAIUSDT,"['ETHUSDT', 'XLMUSDT']",0.9861317532911213,0.0018631518341675202
DAIUSDT,"['XLMUSDT', 'ETHUSDT']",0.9861317532911302,0.0018631518341926112
XLMUSDT,"['ETHUSDT', 'DAIUSDT']",0.08323314237470862,0.12254845326555275
XLMUSDT,"['DAIUSDT', 'ETHUSDT']",0.08323314237490534,0.1225484532655533
ETHUSDT,"['DAIUSDT', 'AVAXUSDT']",1469.2728147061998,0.3925871107907838
ETHUSDT,"['AVAXUSDT', 'DAIUSDT']",1469.2728147083058,0.3925871107907838
DAIUSDT,"['ETHUSDT', 'AVAXUSDT']",0.9862716445810658,0.0027631806134824632
DAIUSDT,"['AVAXUSDT', 'ETHUSDT']",0.9862716445810691,0.00276318061348646
AVAXUSDT,"['ETHUSDT', 'DAIUSDT']",-22.831321962996586,0.39321856603593164
AVAXUSDT,"['DAIUSDT', 'ETHUSDT']",-22.83132196304545,0.39321856603592853
ETHUSDT,"['LTCUSDT', 'XLMUSDT']",1805.9100849066037,0.2452142148521832
ETHUSDT,"['XLMUSDT', 'LTCUSDT']",1805.9100849068395,0.24521421485218253
LTCUSDT,"['ETHUSDT', 'XLMUSDT']",37.005424469151734,0.7545607155636733
LTCUSDT,"['XLMUSDT', 'ETHUSDT']",37.00542446913216,0.7545607155636664
XLMUSDT,"['ETHUSDT', 'LTCUSDT']",-0.24605457621395893,0.7190638125424568
XLMUSDT,"['LTCUSDT', 'ETHUSDT']",-0.2460545762140339,0.7190638125424593
ETHUSDT,"['LTCUSDT', 'AVAXUSDT']",1531.151531310697,0.44535390537304753
ETHUSDT,"['AVAXUSDT', 'LTCUSDT']",1531.1515313108805,0.44535390537304487
LTCUSDT,"['ETHUSDT', 'AVAXUSDT']",25.194920946746876,0.26509150927982483
LTCUSDT,"['AVAXUSDT', 'ETHUSDT']",25.19492094674665,0.26509150927982394
AVAXUSDT,"['ETHUSDT', 'LTCUSDT']",-2.2014113705710745,0.417765685767153
AVAXUSDT,"['LTCUSDT', 'ETHUSDT']",-2.2014113705718135,0.417765685767155
ETHUSDT,"['XLMUSDT', 'AVAXUSDT']",1847.0803236265433,0.4140277222693659
ETHUSDT,"['AVAXUSDT', 'XLMUSDT']",1847.0803236266715,0.41402772226936024
XLMUSDT,"['ETHUSDT', 'AVAXUSDT']",-0.10057060035794228,0.14558804221674393
XLMUSDT,"['AVAXUSDT', 'ETHUSDT']",-0.10057060035794346,0.14558804221674604
AVAXUSDT,"['ETHUSDT', 'XLMUSDT']",0.7610889520779099,0.408617809292102
AVAXUSDT,"['XLMUSDT', 'ETHUSDT']",0.7610889520781929,0.40861780929210023
ADAUSDT,"['BNBUSDT', 'DOGEUSDT']",0.2699125298228916,0.41021497302222565
ADAUSDT,"['DOGEUSDT', 'BNBUSDT']",0.2699125298228223,0.41021497302222476
BNBUSDT,"['ADAUSDT', 'DOGEUSDT']",422.21226366240364,0.39674075493666594
BNBUSDT,"['DOGEUSDT', 'ADAUSDT']",422.2122636624056,0.3967407549366657
DOGEUSDT,"['ADAUSDT', 'BNBUSDT']",-0.13205023667935858,0.5668441345099431
DOGEUSDT,"['BNBUSDT', 'ADAUSDT']",-0.1320502366793564,0.5668441345099422
ADAUSDT,"['BNBUSDT', 'LINKUSDT']",-0.3392192962578982,0.8016973402993828
ADAUSDT,"['LINKUSDT', 'BNBUSDT']",-0.33921929625787606,0.8016973402993828
BNBUSDT,"['ADAUSDT', 'LINKUSDT']",491.4065964367977,0.19569868684750524
BNBUSDT,"['LINKUSDT', 'ADAUSDT']",491.40659643683307,0.19569868684750824
LINKUSDT,"['ADAUSDT', 'BNBUSDT']",8.032891923408231,0.7817619500562897
LINKUSDT,"['BNBUSDT', 'ADAUSDT']",8.032891923411455,0.7817619500562915
ADAUSDT,"['BNBUSDT', 'SOLUSDT']",0.05996508468962827,0.1969082059078895
ADAUSDT,"['SOLUSDT', 'BNBUSDT']",0.05996508468967328,0.1969082059078905
BNBUSDT,"['ADAUSDT', 'SOLUSDT']",194.6880894682928,0.5663998310805884
BNBUSDT,"['SOLUSDT', 'ADAUSDT']",194.68808946826613,0.56639983108059
SOLUSDT,"['ADAUSDT', 'BNBUSDT']",18.580005747263936,0.5592448593809141
SOLUSDT,"['BNBUSDT', 'ADAUSDT']",18.58000574724639,0.5592448593809158
ADAUSDT,"['BNBUSDT', 'WBTC']",0.9889765802281943,0.23336682436362466
ADAUSDT,"['WBTC', 'BNBUSDT']",0.988976580225968,0.2333668243636169
BNBUSDT,"['ADAUSDT', 'WBTC']",354.6510903726667,0.17983969420216372
BNBUSDT,"['WBTC', 'ADAUSDT']",354.65109037297566,0.17983969420215817
WBTC,"['ADAUSDT', 'BNBUSDT']",1.0343196379463118,0.07183882358330862
WBTC,"['BNBUSDT', 'ADAUSDT']",1.0343196379462567,0.07183882358330695
ADAUSDT,"['BNBUSDT', 'XRPUSDT']",0.41118963788029395,0.7095972478655005
ADAUSDT,"['XRPUSDT', 'BNBUSDT']",0.4111896378803218,0.7095972478655015
BNBUSDT,"['ADAUSDT', 'XRPUSDT']",509.7355847357906,0.32153782228922656
BNBUSDT,"['XRPUSDT', 'ADAUSDT']",509.7355847357853,0.3215378222892249
XRPUSDT,"['ADAUSDT', 'BNBUSDT']",-1.5293910853122314,0.7575073999359578
XRPUSDT,"['BNBUSDT', 'ADAUSDT']",-1.529391085311896,0.7575073999359553
ADAUSDT,"['BNBUSDT', 'BCHUSDT']",0.43561439652091316,0.1780185009470555
ADAUSDT,"['BCHUSDT', 'BNBUSDT']",0.4356143965212391,0.17801850094705307
BNBUSDT,"['ADAUSDT', 'BCHUSDT']",190.63919060277937,0.17831200547543835
BNBUSDT,"['BCHUSDT', 'ADAUSDT']",190.63919060213144,0.1783120054754338
BCHUSDT,"['ADAUSDT', 'BNBUSDT']",0.9878383860756138,0.0006833843303323262
BCHUSDT,"['BNBUSDT', 'ADAUSDT']",0.9878383860756055,0.0006833843303245546
ADAUSDT,"['BNBUSDT', 'DAIUSDT']",0.43561439652091316,0.1780185009470555
ADAUSDT,"['DAIUSDT', 'BNBUSDT']",0.4356143965212391,0.17801850094705307
BNBUSDT,"['ADAUSDT', 'DAIUSDT']",190.63919060277937,0.17831200547543835
BNBUSDT,"['DAIUSDT', 'ADAUSDT']",190.63919060213144,0.1783120054754338
DAIUSDT,"['ADAUSDT', 'BNBUSDT']",0.9878383860756138,0.0006833843303323262
DAIUSDT,"['BNBUSDT', 'ADAUSDT']",0.9878383860756055,0.0006833843303245546
ADAUSDT,"['BNBUSDT', 'LTCUSDT']",-0.18395464622196045,0.7455663827517317
ADAUSDT,"['LTCUSDT', 'BNBUSDT']",-0.18395464622210542,0.7455663827517288
BNBUSDT,"['ADAUSDT', 'LTCUSDT']",219.73429967295354,0.4091077335586911
BNBUSDT,"['LTCUSDT', 'ADAUSDT']",219.73429967287314,0.4091077335586941
LTCUSDT,"['ADAUSDT', 'BNBUSDT']",18.679138598406098,0.8057812076264433
LTCUSDT,"['BNBUSDT', 'ADAUSDT']",18.67913859841224,0.8057812076264425
ADAUSDT,"['BNBUSDT', 'XLMUSDT']",0.40650957815463845,0.878718535594879
ADAUSDT,"['XLMUSDT', 'BNBUSDT']",0.4065095781544591,0.8787185355948793
BNBUSDT,"['ADAUSDT', 'XLMUSDT']",564.4858458885516,0.3646148274928904
BNBUSDT,"['XLMUSDT', 'ADAUSDT']",564.4858458885196,0.364614827492891
XLMUSDT,"['ADAUSDT', 'BNBUSDT']",-0.21683374729383642,0.897158529331222
XLMUSDT,"['BNBUSDT', 'ADAUSDT']",-0.216833747293767,0.8971585293312208
ADAUSDT,"['BNBUSDT', 'AVAXUSDT']",-0.36948320049449423,0.4996766382129715
ADAUSDT,"['AVAXUSDT', 'BNBUSDT']",-0.36948320049442795,0.4996766382129717
BNBUSDT,"['ADAUSDT', 'AVAXUSDT']",511.4338746751306,0.22120372257494003
BNBUSDT,"['AVAXUSDT', 'ADAUSDT']",511.43387467516095,0.22120372257493304
AVAXUSDT,"['ADAUSDT', 'BNBUSDT']",27.85475707715525,0.3961487423607859
AVAXUSDT,"['BNBUSDT', 'ADAUSDT']",27.854757077160386,0.3961487423607867
ADAUSDT,"['DOGEUSDT', 'LINKUSDT']",-0.19564018401466082,0.837252859047935
ADAUSDT,"['LINKUSDT', 'DOGEUSDT']",-0.19564018401464117,0.8372528590479352
DOGEUSDT,"['ADAUSDT', 'LINKUSDT']",0.07966335617521499,0.43992816408519875
DOGEUSDT,"['LINKUSDT', 'ADAUSDT']",0.07966335617525944,0.4399281640851965
LINKUSDT,"['ADAUSDT', 'DOGEUSDT']",6.894043773594056,0.7883514900711126
LINKUSDT,"['DOGEUSDT', 'ADAUSDT']",6.894043773595801,0.7883514900711144
ADAUSDT,"['DOGEUSDT', 'SOLUSDT']",0.5854274308937484,0.47151552919649675
ADAUSDT,"['SOLUSDT', 'DOGEUSDT']",0.5854274308936831,0.47151552919649464
DOGEUSDT,"['ADAUSDT', 'SOLUSDT']",-0.18135378769665622,0.8165374712284873
DOGEUSDT,"['SOLUSDT', 'ADAUSDT']",-0.18135378769667174,0.8165374712284884
SOLUSDT,"['ADAUSDT', 'DOGEUSDT']",108.70388177928974,0.740274192317719
SOLUSDT,"['DOGEUSDT', 'ADAUSDT']",108.70388177928564,0.7402741923177183
ADAUSDT,"['DOGEUSDT', 'WBTC']",0.6455234607322187,0.417078486663213
ADAUSDT,"['WBTC', 'DOGEUSDT']",0.6455234607314142,0.4170784866632108
DOGEUSDT,"['ADAUSDT', 'WBTC']",0.2146724074073803,0.4235570084672712
DOGEUSDT,"['WBTC', 'ADAUSDT']",0.21467240740700538,0.42355700846726707
WBTC,"['ADAUSDT', 'DOGEUSDT']",1.05109781926864,0.09146680003689955
WBTC,"['DOGEUSDT', 'ADAUSDT']",1.0510978192686313,0.091466800036901
ADAUSDT,"['DOGEUSDT', 'XRPUSDT']",0.2661457843137316,0.7530639294157102
ADAUSDT,"['XRPUSDT', 'DOGEUSDT']",0.26614578431373315,0.75306392941571
DOGEUSDT,"['ADAUSDT', 'XRPUSDT']",0.029144355417765,0.40983349260348223
DOGEUSDT,"['XRPUSDT', 'ADAUSDT']",0.02914435541779451,0.40983349260348023
XRPUSDT,"['ADAUSDT', 'DOGEUSDT']",-0.7160596449406422,0.7062301686748198
XRPUSDT,"['DOGEUSDT', 'ADAUSDT']",-0.7160596449403587,0.7062301686748174
ADAUSDT,"['DOGEUSDT', 'BCHUSDT']",0.12444749962385052,0.4096856377556398
ADAUSDT,"['BCHUSDT', 'DOGEUSDT']",0.12444749962330987,0.40968563775563693
DOGEUSDT,"['ADAUSDT', 'BCHUSDT']",0.1901312164547126,0.40995536713168235
DOGEUSDT,"['BCHUSDT', 'ADAUSDT']",0.1901312164549103,0.4099553671316819
BCHUSDT,"['ADAUSDT', 'DOGEUSDT']",0.9890425432615844,0.0005966111355019121
BCHUSDT,"['DOGEUSDT', 'ADAUSDT']",0.9890425432615884,0.0005966111354892556
ADAUSDT,"['DOGEUSDT', 'DAIUSDT']",0.12444749962385052,0.4096856377556398
ADAUSDT,"['DAIUSDT', 'DOGEUSDT']",0.12444749962330987,0.40968563775563693
DOGEUSDT,"['ADAUSDT', 'DAIUSDT']",0.1901312164547126,0.40995536713168235
DOGEUSDT,"['DAIUSDT', 'ADAUSDT']",0.1901312164549103,0.4099553671316819
DAIUSDT,"['ADAUSDT', 'DOGEUSDT']",0.9890425432615844,0.0005966111355019121
DAIUSDT,"['DOGEUSDT', 'ADAUSDT']",0.9890425432615884,0.0005966111354892556
ADAUSDT,"['DOGEUSDT', 'LTCUSDT']",-0.24254377590966333,0.7613769686173734
ADAUSDT,"['LTCUSDT', 'DOGEUSDT']",-0.24254377590974063,0.7613769686173745
DOGEUSDT,"['ADAUSDT', 'LTCUSDT']",0.0030178419785810034,0.41361440473831634
DOGEUSDT,"['LTCUSDT', 'ADAUSDT']",0.0030178419785868494,0.4136144047383191
LTCUSDT,"['ADAUSDT', 'DOGEUSDT']",42.05215178193261,0.7315731078216785
LTCUSDT,"['DOGEUSDT', 'ADAUSDT']",42.052151781939415,0.7315731078216763
ADAUSDT,"['DOGEUSDT', 'XLMUSDT']",0.2603520326468954,0.8702213009919151
ADAUSDT,"['XLMUSDT', 'DOGEUSDT']",0.2603520326469231,0.8702213009919151
DOGEUSDT,"['ADAUSDT', 'XLMUSDT']",0.055147739526016246,0.4242115128834665
DOGEUSDT,"['XLMUSDT', 'ADAUSDT']",0.0551477395260296,0.4242115128834667
XLMUSDT,"['ADAUSDT', 'DOGEUSDT']",-0.12184061613236552,0.8702061944037606
XLMUSDT,"['DOGEUSDT', 'ADAUSDT']",-0.12184061613231731,0.870206194403759
ADAUSDT,"['DOGEUSDT', 'AVAXUSDT']",-0.030625765308016594,0.5775863866093975
ADAUSDT,"['AVAXUSDT', 'DOGEUSDT']",-0.03062576530800315,0.5775863866093969
DOGEUSDT,"['ADAUSDT', 'AVAXUSDT']",0.04322289868590501,0.41313333531713414
DOGEUSDT,"['AVAXUSDT', 'ADAUSDT']",0.04322289868593374,0.41313333531713425
AVAXUSDT,"['ADAUSDT', 'DOGEUSDT']",21.033288338674808,0.3662684393302682
AVAXUSDT,"['DOGEUSDT', 'ADAUSDT']",21.033288338677153,0.366268439330268
ADAUSDT,"['LINKUSDT', 'SOLUSDT']",-0.30215787974998054,0.7982148120822742
ADAUSDT,"['SOLUSDT', 'LINKUSDT']",-0.30215787974998976,0.7982148120822741
LINKUSDT,"['ADAUSDT', 'SOLUSDT']",7.647118466721504,0.7805648763287093
LINKUSDT,"['SOLUSDT', 'ADAUSDT']",7.647118466722856,0.7805648763287091
SOLUSDT,"['ADAUSDT', 'LINKUSDT']",133.5374103923297,0.17794212766674344
SOLUSDT,"['LINKUSDT', 'ADAUSDT']",133.5374103923413,0.1779421276667359
ADAUSDT,"['LINKUSDT', 'WBTC']",-0.04759537164286083,0.7781082366674068
ADAUSDT,"['WBTC', 'LINKUSDT']",-0.047595371643220155,0.7781082366674059
LINKUSDT,"['ADAUSDT', 'WBTC']",8.941278326468424,0.7777859540058434
LINKUSDT,"['WBTC', 'ADAUSDT']",8.941278326468943,0.7777859540058443
WBTC,"['ADAUSDT', 'LINKUSDT']",1.0600766288688672,0.07320333050544647
WBTC,"['LINKUSDT', 'ADAUSDT']",1.0600766288688679,0.07320333050544892
ADAUSDT,"['LINKUSDT', 'XRPUSDT']",-0.0450275577231222,0.8682862011138446
ADAUSDT,"['XRPUSDT', 'LINKUSDT']",-0.045027557723140654,0.8682862011138448
LINKUSDT,"['ADAUSDT', 'XRPUSDT']",6.362902032526391,0.7795394157315184
LINKUSDT,"['XRPUSDT', 'ADAUSDT']",6.362902032528659,0.7795394157315158
XRPUSDT,"['ADAUSDT', 'LINKUSDT']",-0.5528995990078418,0.7096030119816914
XRPUSDT,"['LINKUSDT', 'ADAUSDT']",-0.55289959900747,0.7096030119816896
ADAUSDT,"['LINKUSDT', 'BCHUSDT']",1.08678725661907,0.7800157048573712
ADAUSDT,"['BCHUSDT', 'LINKUSDT']",1.086787256620892,0.780015704857373
LINKUSDT,"['ADAUSDT', 'BCHUSDT']",-19.379689140842956,0.7806832829765127
LINKUSDT,"['BCHUSDT', 'ADAUSDT']",-19.37968914089074,0.7806832829765139
BCHUSDT,"['ADAUSDT', 'LINKUSDT']",0.9846368302979334,0.016993909840047672
BCHUSDT,"['LINKUSDT', 'ADAUSDT']",0.9846368302979353,0.016993909840060772
ADAUSDT,"['LINKUSDT', 'DAIUSDT']",1.08678725661907,0.7800157048573712
ADAUSDT,"['DAIUSDT', 'LINKUSDT']",1.086787256620892,0.780015704857373
LINKUSDT,"['ADAUSDT', 'DAIUSDT']",-19.379689140842956,0.7806832829765127
LINKUSDT,"['DAIUSDT', 'ADAUSDT']",-19.37968914089074,0.7806832829765139
DAIUSDT,"['ADAUSDT', 'LINKUSDT']",0.9846368302979334,0.016993909840047672
DAIUSDT,"['LINKUSDT', 'ADAUSDT']",0.9846368302979353,0.016993909840060772
ADAUSDT,"['LINKUSDT', 'LTCUSDT']",-0.3195248350714315,0.8431927519008546
ADAUSDT,"['LTCUSDT', 'LINKUSDT']",-0.31952483507148194,0.8431927519008559
LINKUSDT,"['ADAUSDT', 'LTCUSDT']",5.436271294464305,0.7820161299749997
LINKUSDT,"['LTCUSDT', 'ADAUSDT']",5.436271294464817,0.7820161299749986
LTCUSDT,"['ADAUSDT', 'LINKUSDT']",37.278621983614734,0.7359442630983444
LTCUSDT,"['LINKUSDT', 'ADAUSDT']",37.278621983619956,0.7359442630983488
ADAUSDT,"['LINKUSDT', 'XLMUSDT']",0.012059151531349656,0.9452904699133863
ADAUSDT,"['XLMUSDT', 'LINKUSDT']",0.012059151531393083,0.9452904699133857
LINKUSDT,"['ADAUSDT', 'XLMUSDT']",4.495308767863236,0.8180815257693644
LINKUSDT,"['XLMUSDT', 'ADAUSDT']",4.495308767865252,0.8180815257693644
XLMUSDT,"['ADAUSDT', 'LINKUSDT']",-0.05259226175981349,0.8914833662986721
XLMUSDT,"['LINKUSDT', 'ADAUSDT']",-0.05259226175973707,0.891483366298674
ADAUSDT,"['LINKUSDT', 'AVAXUSDT']",-0.1864153446829064,0.7769959385589201
ADAUSDT,"['AVAXUSDT', 'LINKUSDT']",-0.1864153446828951,0.7769959385589209
LINKUSDT,"['ADAUSDT', 'AVAXUSDT']",4.135103232216745,0.8172407648935872
LINKUSDT,"['AVAXUSDT', 'ADAUSDT']",4.135103232218302,0.8172407648935902
AVAXUSDT,"['ADAUSDT', 'LINKUSDT']",11.02932988772289,0.47775565584924184
AVAXUSDT,"['LINKUSDT', 'ADAUSDT']",11.029329887721955,0.4777556558492416
ADAUSDT,"['SOLUSDT', 'WBTC']",0.8803783090575199,0.19374392242830574
ADAUSDT,"['WBTC', 'SOLUSDT']",0.8803783090560222,0.19374392242830496
SOLUSDT,"['ADAUSDT', 'WBTC']",206.3622564141342,0.1829532064215612
SOLUSDT,"['WBTC', 'ADAUSDT']",206.36225641395822,0.1829532064215612
WBTC,"['ADAUSDT', 'SOLUSDT']",1.0797655454095687,0.09037238051160179
WBTC,"['SOLUSDT', 'ADAUSDT']",1.0797655454095565,0.09037238051161045
ADAUSDT,"['SOLUSDT', 'XRPUSDT']",0.2155794921342396,0.7230473044926012
ADAUSDT,"['XRPUSDT', 'SOLUSDT']",0.2155794921342386,0.7230473044926014
SOLUSDT,"['ADAUSDT', 'XRPUSDT']",118.94596380933024,0.1642734933855391
SOLUSDT,"['XRPUSDT', 'ADAUSDT']",118.94596380933987,0.16427349338554242
XRPUSDT,"['ADAUSDT', 'SOLUSDT']",-0.6998854615741382,0.7061477087195885
XRPUSDT,"['SOLUSDT', 'ADAUSDT']",-0.6998854615739147,0.7061477087195865
ADAUSDT,"['SOLUSDT', 'BCHUSDT']",0.13186355860853566,0.1642215400490199
ADAUSDT,"['BCHUSDT', 'SOLUSDT']",0.1318635586082183,0.16422154004901823
SOLUSDT,"['ADAUSDT', 'BCHUSDT']",187.18311731523514,0.16457140509811086
SOLUSDT,"['BCHUSDT', 'ADAUSDT']",187.18311731528118,0.16457140509810708
BCHUSDT,"['ADAUSDT', 'SOLUSDT']",0.9896885120789555,0.00046602799904993386
BCHUSDT,"['SOLUSDT', 'ADAUSDT']",0.9896885120789534,0.0004660279990490457
ADAUSDT,"['SOLUSDT', 'DAIUSDT']",0.13186355860853566,0.1642215400490199
ADAUSDT,"['DAIUSDT', 'SOLUSDT']",0.1318635586082183,0.16422154004901823
SOLUSDT,"['ADAUSDT', 'DAIUSDT']",187.18311731523514,0.16457140509811086
SOLUSDT,"['DAIUSDT', 'ADAUSDT']",187.18311731528118,0.16457140509810708
DAIUSDT,"['ADAUSDT', 'SOLUSDT']",0.9896885120789555,0.00046602799904993386
DAIUSDT,"['SOLUSDT', 'ADAUSDT']",0.9896885120789534,0.0004660279990490457
ADAUSDT,"['SOLUSDT', 'LTCUSDT']",-0.3244573444577853,0.7359405115112696
ADAUSDT,"['LTCUSDT', 'SOLUSDT']",-0.3244573444578727,0.7359405115112709
SOLUSDT,"['ADAUSDT', 'LTCUSDT']",106.69305743005049,0.17117568029130092
SOLUSDT,"['LTCUSDT', 'ADAUSDT']",106.69305743004703,0.17117568029130337
LTCUSDT,"['ADAUSDT', 'SOLUSDT']",39.055460591325904,0.7319983389837681
LTCUSDT,"['SOLUSDT', 'ADAUSDT']",39.05546059133039,0.7319983389837699
ADAUSDT,"['SOLUSDT', 'XLMUSDT']",0.26541296486039223,0.867088467774431
ADAUSDT,"['XLMUSDT', 'SOLUSDT']",0.2654129648604338,0.8670884677744323
SOLUSDT,"['ADAUSDT', 'XLMUSDT']",130.91907592297116,0.17960078396630363
SOLUSDT,"['XLMUSDT', 'ADAUSDT']",130.9190759229708,0.17960078396630186
XLMUSDT,"['ADAUSDT', 'SOLUSDT']",-0.1416794160990164,0.869368324891845
XLMUSDT,"['SOLUSDT', 'ADAUSDT']",-0.14167941609898155,0.8693683248918435
ADAUSDT,"['SOLUSDT', 'AVAXUSDT']",-0.1379689636882908,0.41574962760066314
ADAUSDT,"['AVAXUSDT', 'SOLUSDT']",-0.137968963688279,0.41574962760066136
SOLUSDT,"['ADAUSDT', 'AVAXUSDT']",110.56675372442086,0.1707342461908936
SOLUSDT,"['AVAXUSDT', 'ADAUSDT']",110.56675372442865,0.17073424619089606
AVAXUSDT,"['ADAUSDT', 'SOLUSDT']",18.62770094529196,0.3674543181446005
AVAXUSDT,"['SOLUSDT', 'ADAUSDT']",18.62770094529304,0.3674543181446003
ADAUSDT,"['WBTC', 'XRPUSDT']",0.9856191884463789,0.7350742933989064
ADAUSDT,"['XRPUSDT', 'WBTC']",0.9856191884477585,0.7350742933989041
WBTC,"['ADAUSDT', 'XRPUSDT']",1.06764852087615,0.10992331914332565
WBTC,"['XRPUSDT', 'ADAUSDT']",1.0676485208761286,0.10992331914331321
XRPUSDT,"['ADAUSDT', 'WBTC']",-2.3252333957811615,0.7188904376092866
XRPUSDT,"['WBTC', 'ADAUSDT']",-2.325233395776647,0.7188904376092864
ADAUSDT,"['WBTC', 'BCHUSDT']",1.8741102391700397,0.06969438564330122
ADAUSDT,"['BCHUSDT', 'WBTC']",1.8741102391709903,0.06969438564330455
WBTC,"['ADAUSDT', 'BCHUSDT']",1.2134885634363801,0.07023944556591499
WBTC,"['BCHUSDT', 'ADAUSDT']",1.2134885634361905,0.07023944556593886
BCHUSDT,"['ADAUSDT', 'WBTC']",0.9938185521269799,0.0008225322909376498
BCHUSDT,"['WBTC', 'ADAUSDT']",0.9938185521273093,0.0008225322909428678
ADAUSDT,"['WBTC', 'DAIUSDT']",1.8741102391700397,0.06969438564330122
ADAUSDT,"['DAIUSDT', 'WBTC']",1.8741102391709903,0.06969438564330455
WBTC,"['ADAUSDT', 'DAIUSDT']",1.2134885634363801,0.07023944556591499
WBTC,"['DAIUSDT', 'ADAUSDT']",1.2134885634361905,0.07023944556593886
DAIUSDT,"['ADAUSDT', 'WBTC']",0.9938185521269799,0.0008225322909376498
DAIUSDT,"['WBTC', 'ADAUSDT']",0.9938185521273093,0.0008225322909428678
ADAUSDT,"['WBTC', 'LTCUSDT']",0.15157887920375557,0.7410179272862208
ADAUSDT,"['LTCUSDT', 'WBTC']",0.15157887920474114,0.741017927286218
WBTC,"['ADAUSDT', 'LTCUSDT']",1.0281927470719536,0.0750490520510444
WBTC,"['LTCUSDT', 'ADAUSDT']",1.0281927470719072,0.07504905205105972
LTCUSDT,"['ADAUSDT', 'WBTC']",28.722979332992644,0.7313560941644899
LTCUSDT,"['WBTC', 'ADAUSDT']",28.72297933305365,0.7313560941644907
ADAUSDT,"['WBTC', 'XLMUSDT']",0.6472801200050179,0.8760613804153118
ADAUSDT,"['XLMUSDT', 'WBTC']",0.6472801200057021,0.8760613804153087
WBTC,"['ADAUSDT', 'XLMUSDT']",1.0751116739362963,0.0996124466426549
WBTC,"['XLMUSDT', 'ADAUSDT']",1.0751116739362585,0.09961244664264413
XLMUSDT,"['ADAUSDT', 'WBTC']",-0.26524578947208394,0.8712236731172237
XLMUSDT,"['WBTC', 'ADAUSDT']",-0.26524578947161487,0.8712236731172258
ADAUSDT,"['WBTC', 'AVAXUSDT']",0.3478697202643498,0.36786247580061204
ADAUSDT,"['AVAXUSDT', 'WBTC']",0.34786972026488644,0.3678624758006148
WBTC,"['ADAUSDT', 'AVAXUSDT']",1.0858439617197027,0.11164332238774899
WBTC,"['AVAXUSDT', 'ADAUSDT']",1.0858439617197087,0.11164332238774488
AVAXUSDT,"['ADAUSDT', 'WBTC']",46.61122978422163,0.3913483170032399
AVAXUSDT,"['WBTC', 'ADAUSDT']",46.6112297841685,0.39134831700324335
ADAUSDT,"['XRPUSDT', 'BCHUSDT']",0.3154450641095561,0.7061292213924018
ADAUSDT,"['BCHUSDT', 'XRPUSDT']",0.3154450641092259,0.706129221392402
XRPUSDT,"['ADAUSDT', 'BCHUSDT']",-0.4191530306748119,0.7061412737359627
XRPUSDT,"['BCHUSDT', 'ADAUSDT']",-0.41915303067455834,0.7061412737359637
BCHUSDT,"['ADAUSDT', 'XRPUSDT']",0.9888442786498632,8.770042478989382e-05
BCHUSDT,"['XRPUSDT', 'ADAUSDT']",0.9888442786498648,8.770042478767337e-05
ADAUSDT,"['XRPUSDT', 'DAIUSDT']",0.3154450641095561,0.7061292213924018
ADAUSDT,"['DAIUSDT', 'XRPUSDT']",0.3154450641092259,0.706129221392402
XRPUSDT,"['ADAUSDT', 'DAIUSDT']",-0.4191530306748119,0.7061412737359627
XRPUSDT,"['DAIUSDT', 'ADAUSDT']",-0.41915303067455834,0.7061412737359637
DAIUSDT,"['ADAUSDT', 'XRPUSDT']",0.9888442786498632,8.770042478989382e-05
DAIUSDT,"['XRPUSDT', 'ADAUSDT']",0.9888442786498648,8.770042478767337e-05
ADAUSDT,"['XRPUSDT', 'LTCUSDT']",-0.04016447441720797,0.7698612538853127
ADAUSDT,"['LTCUSDT', 'XRPUSDT']",-0.04016447441727415,0.7698612538853126
XRPUSDT,"['ADAUSDT', 'LTCUSDT']",-1.69163383288043,0.7881799714344924
XRPUSDT,"['LTCUSDT', 'ADAUSDT']",-1.6916338328806064,0.7881799714344924
LTCUSDT,"['ADAUSDT', 'XRPUSDT']",50.99127248378239,0.8052053084398051
LTCUSDT,"['XRPUSDT', 'ADAUSDT']",50.99127248378679,0.8052053084398045
ADAUSDT,"['XRPUSDT', 'XLMUSDT']",0.2738730179151253,0.8734026733359497
ADAUSDT,"['XLMUSDT', 'XRPUSDT']",0.27387301791516583,0.8734026733359508
XRPUSDT,"['ADAUSDT', 'XLMUSDT']",0.15249620582407752,0.8777177908243401
XRPUSDT,"['XLMUSDT', 'ADAUSDT']",0.15249620582408835,0.8777177908243403
XLMUSDT,"['ADAUSDT', 'XRPUSDT']",-0.06176700307790432,0.9446239937703309
XLMUSDT,"['XRPUSDT', 'ADAUSDT']",-0.061767003077871085,0.9446239937703312
ADAUSDT,"['XRPUSDT', 'AVAXUSDT']",-0.06792050719698767,0.9268040595290803
ADAUSDT,"['AVAXUSDT', 'XRPUSDT']",-0.06792050719701707,0.9268040595290804
XRPUSDT,"['ADAUSDT', 'AVAXUSDT']",0.3341443299524869,0.8883158992546681
XRPUSDT,"['AVAXUSDT', 'ADAUSDT']",0.33414432995289234,0.8883158992546687
AVAXUSDT,"['ADAUSDT', 'XRPUSDT']",12.035603569144829,0.7577160687847091
AVAXUSDT,"['XRPUSDT', 'ADAUSDT']",12.035603569152304,0.7577160687847093
ADAUSDT,"['BCHUSDT', 'DAIUSDT']",0.7362879278053489,2.3449914205331268e-05
ADAUSDT,"['DAIUSDT', 'BCHUSDT']",0.7362879278053489,2.3449914205331268e-05
BCHUSDT,"['ADAUSDT', 'DAIUSDT']",2.1228678537266177e-13,1.0
BCHUSDT,"['DAIUSDT', 'ADAUSDT']",-1.8365591165914186e-12,1.0
DAIUSDT,"['ADAUSDT', 'BCHUSDT']",2.1228678537266177e-13,1.0
DAIUSDT,"['BCHUSDT', 'ADAUSDT']",-1.8365591165914186e-12,1.0
ADAUSDT,"['BCHUSDT', 'LTCUSDT']",-0.11755344576525881,0.7297944477367045
ADAUSDT,"['LTCUSDT', 'BCHUSDT']",-0.1175534457654793,0.7297944477367033
BCHUSDT,"['ADAUSDT', 'LTCUSDT']",0.9884873224071208,0.00016678816674786656
BCHUSDT,"['LTCUSDT', 'ADAUSDT']",0.9884873224070857,0.0001667881667291038
LTCUSDT,"['ADAUSDT', 'BCHUSDT']",31.19784983190592,0.7297819626150321
LTCUSDT,"['BCHUSDT', 'ADAUSDT']",31.19784983185815,0.72978196261503
ADAUSDT,"['BCHUSDT', 'XLMUSDT']",0.42282299119534905,0.8669590488443131
ADAUSDT,"['XLMUSDT', 'BCHUSDT']",0.4228229911954192,0.8669590488443141
BCHUSDT,"['ADAUSDT', 'XLMUSDT']",0.9893597351179189,0.0002986799979837196
BCHUSDT,"['XLMUSDT', 'ADAUSDT']",0.9893597351179044,0.00029867999795274436
XLMUSDT,"['ADAUSDT', 'BCHUSDT']",-0.1927876823636801,0.8669529340963418
XLMUSDT,"['BCHUSDT', 'ADAUSDT']",-0.1927876823638358,0.8669529340963438
ADAUSDT,"['BCHUSDT', 'AVAXUSDT']",0.9029425200498689,0.36392087058728595
ADAUSDT,"['AVAXUSDT', 'BCHUSDT']",0.9029425200488714,0.36392087058728995
BCHUSDT,"['ADAUSDT', 'AVAXUSDT']",0.9868624479743728,0.004906850202022306
BCHUSDT,"['AVAXUSDT', 'ADAUSDT']",0.9868624479743839,0.004906850202047286
AVAXUSDT,"['ADAUSDT', 'BCHUSDT']",-27.124731503041552,0.3655846565830312
AVAXUSDT,"['BCHUSDT', 'ADAUSDT']",-27.124731503131773,0.3655846565830314
ADAUSDT,"['DAIUSDT', 'LTCUSDT']",-0.11755344576525881,0.7297944477367045
ADAUSDT,"['LTCUSDT', 'DAIUSDT']",-0.1175534457654793,0.7297944477367033
DAIUSDT,"['ADAUSDT', 'LTCUSDT']",0.9884873224071208,0.00016678816674786656
DAIUSDT,"['LTCUSDT', 'ADAUSDT']",0.9884873224070857,0.0001667881667291038
LTCUSDT,"['ADAUSDT', 'DAIUSDT']",31.19784983190592,0.7297819626150321
LTCUSDT,"['DAIUSDT', 'ADAUSDT']",31.19784983185815,0.72978196261503
ADAUSDT,"['DAIUSDT', 'XLMUSDT']",0.42282299119534905,0.8669590488443131
ADAUSDT,"['XLMUSDT', 'DAIUSDT']",0.4228229911954192,0.8669590488443141
DAIUSDT,"['ADAUSDT', 'XLMUSDT']",0.9893597351179189,0.0002986799979837196
DAIUSDT,"['XLMUSDT', 'ADAUSDT']",0.9893597351179044,0.00029867999795274436
XLMUSDT,"['ADAUSDT', 'DAIUSDT']",-0.1927876823636801,0.8669529340963418
XLMUSDT,"['DAIUSDT', 'ADAUSDT']",-0.1927876823638358,0.8669529340963438
ADAUSDT,"['DAIUSDT', 'AVAXUSDT']",0.9029425200498689,0.36392087058728595
ADAUSDT,"['AVAXUSDT', 'DAIUSDT']",0.9029425200488714,0.36392087058728995
DAIUSDT,"['ADAUSDT', 'AVAXUSDT']",0.9868624479743728,0.004906850202022306
DAIUSDT,"['AVAXUSDT', 'ADAUSDT']",0.9868624479743839,0.004906850202047286
AVAXUSDT,"['ADAUSDT', 'DAIUSDT']",-27.124731503041552,0.3655846565830312
AVAXUSDT,"['DAIUSDT', 'ADAUSDT']",-27.124731503131773,0.3655846565830314
ADAUSDT,"['LTCUSDT', 'XLMUSDT']",0.10743833932679586,0.882726873257604
ADAUSDT,"['XLMUSDT', 'LTCUSDT']",0.1074383393268484,0.8827268732576031
LTCUSDT,"['ADAUSDT', 'XLMUSDT']",49.19911978346093,0.7485039672850897
LTCUSDT,"['XLMUSDT', 'ADAUSDT']",49.19911978346501,0.7485039672850905
XLMUSDT,"['ADAUSDT', 'LTCUSDT']",-0.170291264607549,0.8761547375263146
XLMUSDT,"['LTCUSDT', 'ADAUSDT']",-0.1702912646075361,0.8761547375263155
ADAUSDT,"['LTCUSDT', 'AVAXUSDT']",-0.40183273573465095,0.7925041352589721
ADAUSDT,"['AVAXUSDT', 'LTCUSDT']",-0.4018327357345397,0.7925041352589723
LTCUSDT,"['ADAUSDT', 'AVAXUSDT']",47.69667155920207,0.7380218683647364
LTCUSDT,"['AVAXUSDT', 'ADAUSDT']",47.69667155921081,0.7380218683647375
AVAXUSDT,"['ADAUSDT', 'LTCUSDT']",25.902509265089883,0.38200038391214985
AVAXUSDT,"['LTCUSDT', 'ADAUSDT']",25.902509265092057,0.38200038391215285
ADAUSDT,"['XLMUSDT', 'AVAXUSDT']",0.020396478224281558,0.9601532148527858
ADAUSDT,"['AVAXUSDT', 'XLMUSDT']",0.02039647822427987,0.9601532148527857
XLMUSDT,"['ADAUSDT', 'AVAXUSDT']",-0.012221619923391342,0.9446367183651017
XLMUSDT,"['AVAXUSDT', 'ADAUSDT']",-0.012221619923327829,0.9446367183651022
AVAXUSDT,"['ADAUSDT', 'XLMUSDT']",7.2721428917615105,0.7347858262246922
AVAXUSDT,"['XLMUSDT', 'ADAUSDT']",7.272142891767521,0.7347858262246934
BNBUSDT,"['DOGEUSDT', 'LINKUSDT']",424.64527524802963,0.3961749823715405
BNBUSDT,"['LINKUSDT', 'DOGEUSDT']",424.64527524803293,0.3961749823715406
DOGEUSDT,"['BNBUSDT', 'LINKUSDT']",-0.18074905070354647,0.48766829759949615
DOGEUSDT,"['LINKUSDT', 'BNBUSDT']",-0.18074905070349923,0.4876682975994957
LINKUSDT,"['BNBUSDT', 'DOGEUSDT']",12.10708354952498,0.23228026163203286
LINKUSDT,"['DOGEUSDT', 'BNBUSDT']",12.107083549524036,0.2322802616320342
BNBUSDT,"['DOGEUSDT', 'SOLUSDT']",210.40999515397613,0.5488455439150194
BNBUSDT,"['SOLUSDT', 'DOGEUSDT']",210.4099951539587,0.5488455439150184
DOGEUSDT,"['BNBUSDT', 'SOLUSDT']",-0.15853261652249714,0.7099210986406272
DOGEUSDT,"['SOLUSDT', 'BNBUSDT']",-0.15853261652251416,0.7099210986406272
SOLUSDT,"['BNBUSDT', 'DOGEUSDT']",49.1489648812118,0.7832306462003208
SOLUSDT,"['DOGEUSDT', 'BNBUSDT']",49.14896488120684,0.7832306462003192
BNBUSDT,"['DOGEUSDT', 'WBTC']",204.72796637999866,0.40938956793701853
BNBUSDT,"['WBTC', 'DOGEUSDT']",204.72796638055388,0.40938956793702175
DOGEUSDT,"['BNBUSDT', 'WBTC']",0.2463615369680121,0.4540708852774554
DOGEUSDT,"['WBTC', 'BNBUSDT']",0.246361536967101,0.4540708852774411
WBTC,"['BNBUSDT', 'DOGEUSDT']",0.996014815598365,0.10004335370802475
WBTC,"['DOGEUSDT', 'BNBUSDT']",0.9960148155983941,0.1000433537080212
BNBUSDT,"['DOGEUSDT', 'XRPUSDT']",420.09816634811756,0.46285585021953546
BNBUSDT,"['XRPUSDT', 'DOGEUSDT']",420.0981663481184,0.4628558502195341
DOGEUSDT,"['BNBUSDT', 'XRPUSDT']",-0.07565485934896155,0.45051484749445736
DOGEUSDT,"['XRPUSDT', 'BNBUSDT']",-0.07565485934891089,0.45051484749445503
XRPUSDT,"['BNBUSDT', 'DOGEUSDT']",-0.9703893212179315,0.3752543118569506
XRPUSDT,"['DOGEUSDT', 'BNBUSDT']",-0.9703893212179178,0.37525431185695146
BNBUSDT,"['DOGEUSDT', 'BCHUSDT']",51.53343514122213,0.39731100787881035
BNBUSDT,"['BCHUSDT', 'DOGEUSDT']",51.53343514037475,0.39731100787881246
DOGEUSDT,"['BNBUSDT', 'BCHUSDT']",0.19950095357443884,0.3973712111679756
DOGEUSDT,"['BCHUSDT', 'BNBUSDT']",0.19950095357490732,0.3973712111679705
BCHUSDT,"['BNBUSDT', 'DOGEUSDT']",0.9870269807883617,0.0024366523940347884
BCHUSDT,"['DOGEUSDT', 'BNBUSDT']",0.9870269807883792,0.002436652394032013
BNBUSDT,"['DOGEUSDT', 'DAIUSDT']",51.53343514122213,0.39731100787881035
BNBUSDT,"['DAIUSDT', 'DOGEUSDT']",51.53343514037475,0.39731100787881246
DOGEUSDT,"['BNBUSDT', 'DAIUSDT']",0.19950095357443884,0.3973712111679756
DOGEUSDT,"['DAIUSDT', 'BNBUSDT']",0.19950095357490732,0.3973712111679705
DAIUSDT,"['BNBUSDT', 'DOGEUSDT']",0.9870269807883617,0.0024366523940347884
DAIUSDT,"['DOGEUSDT', 'BNBUSDT']",0.9870269807883792,0.002436652394032013
BNBUSDT,"['DOGEUSDT', 'LTCUSDT']",295.42930814384374,0.48685705602433904
BNBUSDT,"['LTCUSDT', 'DOGEUSDT']",295.4293081438341,0.4868570560243346
DOGEUSDT,"['BNBUSDT', 'LTCUSDT']",-0.15141948874164735,0.45703044051245845
DOGEUSDT,"['LTCUSDT', 'BNBUSDT']",-0.1514194887416219,0.45703044051245933
LTCUSDT,"['BNBUSDT', 'DOGEUSDT']",32.04369070527903,0.43565876703742334
LTCUSDT,"['DOGEUSDT', 'BNBUSDT']",32.04369070528119,0.43565876703742346
BNBUSDT,"['DOGEUSDT', 'XLMUSDT']",421.6993483021615,0.4329765843470611
BNBUSDT,"['XLMUSDT', 'DOGEUSDT']",421.69934830216124,0.4329765843470613
DOGEUSDT,"['BNBUSDT', 'XLMUSDT']",-0.06359761951018807,0.5198046934999483
DOGEUSDT,"['XLMUSDT', 'BNBUSDT']",-0.06359761951019316,0.5198046934999447
XLMUSDT,"['BNBUSDT', 'DOGEUSDT']",-0.09686984345697469,0.4455769209636631
XLMUSDT,"['DOGEUSDT', 'BNBUSDT']",-0.09686984345699125,0.4455769209636653
BNBUSDT,"['DOGEUSDT', 'AVAXUSDT']",477.8062386779746,0.41386425866864995
BNBUSDT,"['AVAXUSDT', 'DOGEUSDT']",477.806238677982,0.41386425866865517
DOGEUSDT,"['BNBUSDT', 'AVAXUSDT']",-0.206442298311743,0.4768494877223727
DOGEUSDT,"['AVAXUSDT', 'BNBUSDT']",-0.2064422983117037,0.476849487722377
AVAXUSDT,"['BNBUSDT', 'DOGEUSDT']",35.2995215900254,0.1402832442379024
AVAXUSDT,"['DOGEUSDT', 'BNBUSDT']",35.29952159002217,0.14028324423790062
BNBUSDT,"['LINKUSDT', 'SOLUSDT']",181.35957509384465,0.5566667594366033
BNBUSDT,"['SOLUSDT', 'LINKUSDT']",181.35957509382064,0.5566667594366046
LINKUSDT,"['BNBUSDT', 'SOLUSDT']",9.108561882309239,0.10705871876466277
LINKUSDT,"['SOLUSDT', 'BNBUSDT']",9.10856188230995,0.10705871876466111
SOLUSDT,"['BNBUSDT', 'LINKUSDT']",13.573761910352363,0.5546995173837372
SOLUSDT,"['LINKUSDT', 'BNBUSDT']",13.573761910380124,0.5546995173837375
BNBUSDT,"['LINKUSDT', 'WBTC']",403.54115673727773,0.09531154018198729
BNBUSDT,"['WBTC', 'LINKUSDT']",403.5411567373976,0.09531154018198429
LINKUSDT,"['BNBUSDT', 'WBTC']",26.577852349192085,0.15312709392508017
LINKUSDT,"['WBTC', 'BNBUSDT']",26.57785234914997,0.15312709392506485
WBTC,"['BNBUSDT', 'LINKUSDT']",1.0642837226153672,0.0683514874602581
WBTC,"['LINKUSDT', 'BNBUSDT']",1.0642837226153758,0.06835148746025588
BNBUSDT,"['LINKUSDT', 'XRPUSDT']",541.8237831319288,0.3301375912804354
BNBUSDT,"['XRPUSDT', 'LINKUSDT']",541.8237831319242,0.33013759128043585
LINKUSDT,"['BNBUSDT', 'XRPUSDT']",14.87469170074333,0.5200893687174604
LINKUSDT,"['XRPUSDT', 'BNBUSDT']",14.874691700743654,0.5200893687174599
XRPUSDT,"['BNBUSDT', 'LINKUSDT']",-2.386672719235321,0.6358702190349603
XRPUSDT,"['LINKUSDT', 'BNBUSDT']",-2.3866727192350607,0.635870219034961
BNBUSDT,"['LINKUSDT', 'BCHUSDT']",397.7031861243024,0.09513686435473923
BNBUSDT,"['BCHUSDT', 'LINKUSDT']",397.7031861239818,0.095136864354743
LINKUSDT,"['BNBUSDT', 'BCHUSDT']",-11.414560266134757,0.09756058509886023
LINKUSDT,"['BCHUSDT', 'BNBUSDT']",-11.414560266177997,0.09756058509886789
BCHUSDT,"['BNBUSDT', 'LINKUSDT']",0.9865635352834479,0.0030871640352588825
BCHUSDT,"['LINKUSDT', 'BNBUSDT']",0.986563535283453,0.003087164035261214
BNBUSDT,"['LINKUSDT', 'DAIUSDT']",397.7031861243024,0.09513686435473923
BNBUSDT,"['DAIUSDT', 'LINKUSDT']",397.7031861239818,0.095136864354743
LINKUSDT,"['BNBUSDT', 'DAIUSDT']",-11.414560266134757,0.09756058509886023
LINKUSDT,"['DAIUSDT', 'BNBUSDT']",-11.414560266177997,0.09756058509886789
DAIUSDT,"['BNBUSDT', 'LINKUSDT']",0.9865635352834479,0.0030871640352588825
DAIUSDT,"['LINKUSDT', 'BNBUSDT']",0.986563535283453,0.003087164035261214
BNBUSDT,"['LINKUSDT', 'LTCUSDT']",286.69929897773477,0.45270894882534785
BNBUSDT,"['LTCUSDT', 'LINKUSDT']",286.6992989776578,0.4527089488253422
LINKUSDT,"['BNBUSDT', 'LTCUSDT']",4.445369397200935,0.6724008556730366
LINKUSDT,"['LTCUSDT', 'BNBUSDT']",4.445369397197576,0.6724008556730365
LTCUSDT,"['BNBUSDT', 'LINKUSDT']",-4.786276737333308,0.7727742306049619
LTCUSDT,"['LINKUSDT', 'BNBUSDT']",-4.786276737326512,0.7727742306049626
BNBUSDT,"['LINKUSDT', 'XLMUSDT']",543.8250017442306,0.32650566307651285
BNBUSDT,"['XLMUSDT', 'LINKUSDT']",543.8250017442418,0.32650566307651185
LINKUSDT,"['BNBUSDT', 'XLMUSDT']",14.390001493064355,0.5725305080504398
LINKUSDT,"['XLMUSDT', 'BNBUSDT']",14.390001493061568,0.5725305080504428
XLMUSDT,"['BNBUSDT', 'LINKUSDT']",-0.35671462691968947,0.6706353099924687
XLMUSDT,"['LINKUSDT', 'BNBUSDT']",-0.35671462691964817,0.6706353099924697
BNBUSDT,"['LINKUSDT', 'AVAXUSDT']",464.66462757645286,0.1253465030335017
BNBUSDT,"['AVAXUSDT', 'LINKUSDT']",464.6646275764542,0.1253465030335017
LINKUSDT,"['BNBUSDT', 'AVAXUSDT']",-0.42747483684049026,0.5395001309931025
LINKUSDT,"['AVAXUSDT', 'BNBUSDT']",-0.4274748368396181,0.539500130993102
AVAXUSDT,"['BNBUSDT', 'LINKUSDT']",15.946768667993283,0.49498210090379946
AVAXUSDT,"['LINKUSDT', 'BNBUSDT']",15.946768667991652,0.4949821009037997
BNBUSDT,"['SOLUSDT', 'WBTC']",-14.215170269027993,0.5614669198061215
BNBUSDT,"['WBTC', 'SOLUSDT']",-14.215170268403284,0.5614669198061194
SOLUSDT,"['BNBUSDT', 'WBTC']",134.23675035502595,0.5846012830749476
SOLUSDT,"['WBTC', 'BNBUSDT']",134.23675035475242,0.5846012830749452
WBTC,"['BNBUSDT', 'SOLUSDT']",1.0420710873530363,0.08363447456570583
WBTC,"['SOLUSDT', 'BNBUSDT']",1.0420710873530719,0.08363447456571149
BNBUSDT,"['SOLUSDT', 'XRPUSDT']",215.24214359827576,0.6575350566327733
BNBUSDT,"['XRPUSDT', 'SOLUSDT']",215.2421435982818,0.6575350566327733
SOLUSDT,"['BNBUSDT', 'XRPUSDT']",13.49154042532034,0.5576665450346685
SOLUSDT,"['XRPUSDT', 'BNBUSDT']",13.491540425353168,0.5576665450346662
XRPUSDT,"['BNBUSDT', 'SOLUSDT']",-1.2269044794329513,0.3269995541013484
XRPUSDT,"['SOLUSDT', 'BNBUSDT']",-1.226904479432438,0.3269995541013484
BNBUSDT,"['SOLUSDT', 'BCHUSDT']",-188.78272930313813,0.5500501630978266
BNBUSDT,"['BCHUSDT', 'SOLUSDT']",-188.78272930398492,0.5500501630978273
SOLUSDT,"['BNBUSDT', 'BCHUSDT']",151.3707260162057,0.5500778630309182
SOLUSDT,"['BCHUSDT', 'BNBUSDT']",151.37072601635663,0.5500778630309195
BCHUSDT,"['BNBUSDT', 'SOLUSDT']",0.9882147146059888,0.0033418334824115714
BCHUSDT,"['SOLUSDT', 'BNBUSDT']",0.9882147146060118,0.003341833482439105
BNBUSDT,"['SOLUSDT', 'DAIUSDT']",-188.78272930313813,0.5500501630978266
BNBUSDT,"['DAIUSDT', 'SOLUSDT']",-188.78272930398492,0.5500501630978273
SOLUSDT,"['BNBUSDT', 'DAIUSDT']",151.3707260162057,0.5500778630309182
SOLUSDT,"['DAIUSDT', 'BNBUSDT']",151.37072601635663,0.5500778630309195
DAIUSDT,"['BNBUSDT', 'SOLUSDT']",0.9882147146059888,0.0033418334824115714
DAIUSDT,"['SOLUSDT', 'BNBUSDT']",0.9882147146060118,0.003341833482439105
BNBUSDT,"['SOLUSDT', 'LTCUSDT']",96.23171506694294,0.6707248112535549
BNBUSDT,"['LTCUSDT', 'SOLUSDT']",96.2317150669441,0.6707248112535569
SOLUSDT,"['BNBUSDT', 'LTCUSDT']",24.56766164565058,0.5549734701575614
SOLUSDT,"['LTCUSDT', 'BNBUSDT']",24.56766164567926,0.5549734701575609
LTCUSDT,"['BNBUSDT', 'SOLUSDT']",25.454396090033814,0.38102877327576223
LTCUSDT,"['SOLUSDT', 'BNBUSDT']",25.454396090047027,0.3810287732757657
BNBUSDT,"['SOLUSDT', 'XLMUSDT']",220.26723660128795,0.6172725383903863
BNBUSDT,"['XLMUSDT', 'SOLUSDT']",220.26723660128744,0.6172725383903865
SOLUSDT,"['BNBUSDT', 'XLMUSDT']",21.190884307615605,0.5490695598698343
SOLUSDT,"['XLMUSDT', 'BNBUSDT']",21.190884307632498,0.5490695598698302
XLMUSDT,"['BNBUSDT', 'SOLUSDT']",-0.1786713719531403,0.30329135106420935
XLMUSDT,"['SOLUSDT', 'BNBUSDT']",-0.17867137195308502,0.30329135106420924
BNBUSDT,"['SOLUSDT', 'AVAXUSDT']",251.41673927301156,0.5707191571947602
BNBUSDT,"['AVAXUSDT', 'SOLUSDT']",251.41673927300752,0.5707191571947595
SOLUSDT,"['BNBUSDT', 'AVAXUSDT']",-10.810436898753078,0.6085618449134547
SOLUSDT,"['AVAXUSDT', 'BNBUSDT']",-10.810436898732611,0.6085618449134549
AVAXUSDT,"['BNBUSDT', 'SOLUSDT']",27.49054765311942,0.13918435595923162
AVAXUSDT,"['SOLUSDT', 'BNBUSDT']",27.49054765311629,0.13918435595922896
BNBUSDT,"['WBTC', 'XRPUSDT']",490.83521459451265,0.31345275746939516
BNBUSDT,"['XRPUSDT', 'WBTC']",490.83521459441835,0.3134527574693976
WBTC,"['BNBUSDT', 'XRPUSDT']",1.0168573125773543,0.012700687173484715
WBTC,"['XRPUSDT', 'BNBUSDT']",1.0168573125773779,0.012700687173483383
XRPUSDT,"['BNBUSDT', 'WBTC']",-0.2900321100508789,0.3190569248843209
XRPUSDT,"['WBTC', 'BNBUSDT']",-0.290032110053433,0.31905692488432547
BNBUSDT,"['WBTC', 'BCHUSDT']",477.346864250066,0.0048847465144951085
BNBUSDT,"['BCHUSDT', 'WBTC']",477.34686424867215,0.004884746514492333
WBTC,"['BNBUSDT', 'BCHUSDT']",1.1741218712456316,0.005112534000513258
WBTC,"['BCHUSDT', 'BNBUSDT']",1.1741218712452888,0.00511253400050915
BCHUSDT,"['BNBUSDT', 'WBTC']",0.9917107731816945,0.0009683759151073446
BCHUSDT,"['WBTC', 'BNBUSDT']",0.9917107731818373,0.000968375915099684
BNBUSDT,"['WBTC', 'DAIUSDT']",477.346864250066,0.0048847465144951085
BNBUSDT,"['DAIUSDT', 'WBTC']",477.34686424867215,0.004884746514492333
WBTC,"['BNBUSDT', 'DAIUSDT']",1.1741218712456316,0.005112534000513258
WBTC,"['DAIUSDT', 'BNBUSDT']",1.1741218712452888,0.00511253400050915
DAIUSDT,"['BNBUSDT', 'WBTC']",0.9917107731816945,0.0009683759151073446
DAIUSDT,"['WBTC', 'BNBUSDT']",0.9917107731818373,0.000968375915099684
BNBUSDT,"['WBTC', 'LTCUSDT']",177.52237241911288,0.37460216249236955
BNBUSDT,"['LTCUSDT', 'WBTC']",177.522372418825,0.37460216249237155
WBTC,"['BNBUSDT', 'LTCUSDT']",1.0453857728925589,0.03822925868208449
WBTC,"['LTCUSDT', 'BNBUSDT']",1.045385772892593,0.0382292586820856
LTCUSDT,"['BNBUSDT', 'WBTC']",71.0225481059806,0.3936093046736453
LTCUSDT,"['WBTC', 'BNBUSDT']",71.02254810586749,0.3936093046736493
BNBUSDT,"['WBTC', 'XLMUSDT']",412.15258413679305,0.303910713877387
BNBUSDT,"['XLMUSDT', 'WBTC']",412.1525841364625,0.30391071387738644
WBTC,"['BNBUSDT', 'XLMUSDT']",1.0098013263403767,0.03473816797090867
WBTC,"['XLMUSDT', 'BNBUSDT']",1.0098013263403942,0.034738167970921774
XLMUSDT,"['BNBUSDT', 'WBTC']",0.13107549511313227,0.32394319156189977
XLMUSDT,"['WBTC', 'BNBUSDT']",0.13107549511236502,0.32394319156189566
BNBUSDT,"['WBTC', 'AVAXUSDT']",605.7570281726278,0.00936854674384191
BNBUSDT,"['AVAXUSDT', 'WBTC']",605.7570281727023,0.009368546743839468
WBTC,"['BNBUSDT', 'AVAXUSDT']",1.0963859527701647,0.10563493225686671
WBTC,"['AVAXUSDT', 'BNBUSDT']",1.0963859527701834,0.10563493225686693
AVAXUSDT,"['BNBUSDT', 'WBTC']",75.78090705047595,0.10842428230432699
AVAXUSDT,"['WBTC', 'BNBUSDT']",75.78090705036479,0.10842428230432155
BNBUSDT,"['XRPUSDT', 'BCHUSDT']",205.25798519764172,0.3140736012975792
BNBUSDT,"['BCHUSDT', 'XRPUSDT']",205.25798519695834,0.31407360129758133
XRPUSDT,"['BNBUSDT', 'BCHUSDT']",0.3600701544347602,0.3138567319416181
XRPUSDT,"['BCHUSDT', 'BNBUSDT']",0.3600701544372631,0.31385673194161756
BCHUSDT,"['BNBUSDT', 'XRPUSDT']",0.9872913762116071,0.001016971318097526
BCHUSDT,"['XRPUSDT', 'BNBUSDT']",0.98729137621162,0.0010169713181042983
BNBUSDT,"['XRPUSDT', 'DAIUSDT']",205.25798519764172,0.3140736012975792
BNBUSDT,"['DAIUSDT', 'XRPUSDT']",205.25798519695834,0.31407360129758133
XRPUSDT,"['BNBUSDT', 'DAIUSDT']",0.3600701544347602,0.3138567319416181
XRPUSDT,"['DAIUSDT', 'BNBUSDT']",0.3600701544372631,0.31385673194161756
DAIUSDT,"['BNBUSDT', 'XRPUSDT']",0.9872913762116071,0.001016971318097526
DAIUSDT,"['XRPUSDT', 'BNBUSDT']",0.98729137621162,0.0010169713181042983
BNBUSDT,"['XRPUSDT', 'LTCUSDT']",302.3671834195664,0.3762206937712028
BNBUSDT,"['LTCUSDT', 'XRPUSDT']",302.36718341953804,0.37622069377119927
XRPUSDT,"['BNBUSDT', 'LTCUSDT']",-2.145648678521211,0.7527852216784208
XRPUSDT,"['LTCUSDT', 'BNBUSDT']",-2.1456486785215008,0.7527852216784217
LTCUSDT,"['BNBUSDT', 'XRPUSDT']",47.77651156105547,0.7740078136044061
LTCUSDT,"['XRPUSDT', 'BNBUSDT']",47.77651156106349,0.7740078136044054
BNBUSDT,"['XRPUSDT', 'XLMUSDT']",476.82649138895124,0.31937609727835614
BNBUSDT,"['XLMUSDT', 'XRPUSDT']",476.82649138894647,0.3193760972783556
XRPUSDT,"['BNBUSDT', 'XLMUSDT']",-0.2922602010888321,0.8745116830323225
XRPUSDT,"['XLMUSDT', 'BNBUSDT']",-0.2922602010893107,0.8745116830323212
XLMUSDT,"['BNBUSDT', 'XRPUSDT']",0.009346848355243041,0.8725677419446014
XLMUSDT,"['XRPUSDT', 'BNBUSDT']",0.009346848355271331,0.8725677419446012
BNBUSDT,"['XRPUSDT', 'AVAXUSDT']",484.83359327048015,0.31345820880135256
BNBUSDT,"['AVAXUSDT', 'XRPUSDT']",484.833593270478,0.313458208801352
XRPUSDT,"['BNBUSDT', 'AVAXUSDT']",-1.6363573968585154,0.32702605503996574
XRPUSDT,"['AVAXUSDT', 'BNBUSDT']",-1.6363573968581862,0.3270260550399675
AVAXUSDT,"['BNBUSDT', 'XRPUSDT']",32.432066502818756,0.027298286148819573
AVAXUSDT,"['XRPUSDT', 'BNBUSDT']",32.43206650281964,0.02729828614881724
BNBUSDT,"['BCHUSDT', 'DAIUSDT']",308.2002245826742,0.0003593910939110323
BNBUSDT,"['DAIUSDT', 'BCHUSDT']",308.2002245826742,0.0003593910939110323
BCHUSDT,"['BNBUSDT', 'DAIUSDT']",3.2449780709709053e-13,1.0
BCHUSDT,"['DAIUSDT', 'BNBUSDT']",-1.8658698718032607e-12,1.0
DAIUSDT,"['BNBUSDT', 'BCHUSDT']",3.2449780709709053e-13,1.0
DAIUSDT,"['BCHUSDT', 'BNBUSDT']",-1.8658698718032607e-12,1.0
BNBUSDT,"['BCHUSDT', 'LTCUSDT']",47.61279881154604,0.3727763114613115
BNBUSDT,"['LTCUSDT', 'BCHUSDT']",47.6127988120409,0.37277631146131185
BCHUSDT,"['BNBUSDT', 'LTCUSDT']",0.9880091597758194,0.0006400786288813798
BCHUSDT,"['LTCUSDT', 'BNBUSDT']",0.9880091597758369,0.0006400786288752736
LTCUSDT,"['BNBUSDT', 'BCHUSDT']",47.655599593363064,0.37252327715051925
LTCUSDT,"['BCHUSDT', 'BNBUSDT']",47.6555995933613,0.37252327715051325
BNBUSDT,"['BCHUSDT', 'XLMUSDT']",250.77523948022463,0.3032116187461359
BNBUSDT,"['XLMUSDT', 'BCHUSDT']",250.77523948086144,0.30321161874613
BCHUSDT,"['BNBUSDT', 'XLMUSDT']",0.9875408692267142,0.0005911725698587444
BCHUSDT,"['XLMUSDT', 'BNBUSDT']",0.9875408692267256,0.0005911725698557468
XLMUSDT,"['BNBUSDT', 'BCHUSDT']",-0.030456854641643164,0.3029306911844426
XLMUSDT,"['BCHUSDT', 'BNBUSDT']",-0.03045685464145928,0.3029306911844465
BNBUSDT,"['BCHUSDT', 'AVAXUSDT']",350.492248587365,0.007894125899807314
BNBUSDT,"['AVAXUSDT', 'BCHUSDT']",350.4922485878669,0.007894125899803095
BCHUSDT,"['BNBUSDT', 'AVAXUSDT']",0.9860340453411814,0.002902731266621772
BCHUSDT,"['AVAXUSDT', 'BNBUSDT']",0.9860340453412013,0.002902731266627656
AVAXUSDT,"['BNBUSDT', 'BCHUSDT']",-12.794096025724937,0.010135717239649344
AVAXUSDT,"['BCHUSDT', 'BNBUSDT']",-12.794096025814973,0.01013571723964446
BNBUSDT,"['DAIUSDT', 'LTCUSDT']",47.61279881154604,0.3727763114613115
BNBUSDT,"['LTCUSDT', 'DAIUSDT']",47.6127988120409,0.37277631146131185
DAIUSDT,"['BNBUSDT', 'LTCUSDT']",0.9880091597758194,0.0006400786288813798
DAIUSDT,"['LTCUSDT', 'BNBUSDT']",0.9880091597758369,0.0006400786288752736
LTCUSDT,"['BNBUSDT', 'DAIUSDT']",47.655599593363064,0.37252327715051925
LTCUSDT,"['DAIUSDT', 'BNBUSDT']",47.6555995933613,0.37252327715051325
BNBUSDT,"['DAIUSDT', 'XLMUSDT']",250.77523948022463,0.3032116187461359
BNBUSDT,"['XLMUSDT', 'DAIUSDT']",250.77523948086144,0.30321161874613
DAIUSDT,"['BNBUSDT', 'XLMUSDT']",0.9875408692267142,0.0005911725698587444
DAIUSDT,"['XLMUSDT', 'BNBUSDT']",0.9875408692267256,0.0005911725698557468
XLMUSDT,"['BNBUSDT', 'DAIUSDT']",-0.030456854641643164,0.3029306911844426
XLMUSDT,"['DAIUSDT', 'BNBUSDT']",-0.03045685464145928,0.3029306911844465
BNBUSDT,"['DAIUSDT', 'AVAXUSDT']",350.492248587365,0.007894125899807314
BNBUSDT,"['AVAXUSDT', 'DAIUSDT']",350.4922485878669,0.007894125899803095
DAIUSDT,"['BNBUSDT', 'AVAXUSDT']",0.9860340453411814,0.002902731266621772
DAIUSDT,"['AVAXUSDT', 'BNBUSDT']",0.9860340453412013,0.002902731266627656
AVAXUSDT,"['BNBUSDT', 'DAIUSDT']",-12.794096025724937,0.010135717239649344
AVAXUSDT,"['DAIUSDT', 'BNBUSDT']",-12.794096025814973,0.01013571723964446
BNBUSDT,"['LTCUSDT', 'XLMUSDT']",297.86196714058644,0.3765244925692174
BNBUSDT,"['XLMUSDT', 'LTCUSDT']",297.861967140632,0.3765244925692154
LTCUSDT,"['BNBUSDT', 'XLMUSDT']",43.64881954280338,0.7447831243291149
LTCUSDT,"['XLMUSDT', 'BNBUSDT']",43.64881954279621,0.7447831243291146
XLMUSDT,"['BNBUSDT', 'LTCUSDT']",-0.30368775435799145,0.7164912435456161
XLMUSDT,"['LTCUSDT', 'BNBUSDT']",-0.30368775435803796,0.7164912435456174
BNBUSDT,"['LTCUSDT', 'AVAXUSDT']",317.905806226272,0.41354487164513476
BNBUSDT,"['AVAXUSDT', 'LTCUSDT']",317.9058062263278,0.4135448716451351
LTCUSDT,"['BNBUSDT', 'AVAXUSDT']",-2.4472051662447463,0.5243173644848023
LTCUSDT,"['AVAXUSDT', 'BNBUSDT']",-2.447205166235899,0.5243173644848
AVAXUSDT,"['BNBUSDT', 'LTCUSDT']",23.475880906830128,0.24789282111766753
AVAXUSDT,"['LTCUSDT', 'BNBUSDT']",23.475880906825026,0.24789282111766675
BNBUSDT,"['XLMUSDT', 'AVAXUSDT']",516.1008610351721,0.3137499329130726
BNBUSDT,"['AVAXUSDT', 'XLMUSDT']",516.1008610351662,0.3137499329130792
XLMUSDT,"['BNBUSDT', 'AVAXUSDT']",-0.3053805494749704,0.3874552080579299
XLMUSDT,"['AVAXUSDT', 'BNBUSDT']",-0.3053805494749221,0.3874552080579349
AVAXUSDT,"['BNBUSDT', 'XLMUSDT']",35.075940504982164,0.12814713623238194
AVAXUSDT,"['XLMUSDT', 'BNBUSDT']",35.07594050497892,0.12814713623239737
DOGEUSDT,"['LINKUSDT', 'SOLUSDT']",-0.21304093187442963,0.7668499298454686
DOGEUSDT,"['SOLUSDT', 'LINKUSDT']",-0.2130409318744475,0.7668499298454688
LINKUSDT,"['DOGEUSDT', 'SOLUSDT']",16.391304228741355,0.2696395196098721
LINKUSDT,"['SOLUSDT', 'DOGEUSDT']",16.391304228740346,0.2696395196098661
SOLUSDT,"['DOGEUSDT', 'LINKUSDT']",112.1861715582198,0.7239941460337753
SOLUSDT,"['LINKUSDT', 'DOGEUSDT']",112.18617155821954,0.7239941460337753
DOGEUSDT,"['LINKUSDT', 'WBTC']",0.2702881176380918,0.25861228976086714
DOGEUSDT,"['WBTC', 'LINKUSDT']",0.27028811763751776,0.2586122897608656
LINKUSDT,"['DOGEUSDT', 'WBTC']",21.96847972276712,0.2491910716666924
LINKUSDT,"['WBTC', 'DOGEUSDT']",21.968479722745933,0.24919107166669452
WBTC,"['DOGEUSDT', 'LINKUSDT']",1.0687956176652569,0.10017449370947706
WBTC,"['LINKUSDT', 'DOGEUSDT']",1.068795617665262,0.10017449370947484
DOGEUSDT,"['LINKUSDT', 'XRPUSDT']",0.06187912659445336,0.3152446728821433
DOGEUSDT,"['XRPUSDT', 'LINKUSDT']",0.061879126594449635,0.3152446728821451
LINKUSDT,"['DOGEUSDT', 'XRPUSDT']",11.711594360259081,0.5204376588532375
LINKUSDT,"['XRPUSDT', 'DOGEUSDT']",11.711594360259145,0.5204376588532367
XRPUSDT,"['DOGEUSDT', 'LINKUSDT']",-1.2100080980558494,0.5613017670145859
XRPUSDT,"['LINKUSDT', 'DOGEUSDT']",-1.2100080980558001,0.5613017670145861
DOGEUSDT,"['LINKUSDT', 'BCHUSDT']",0.4512383637645428,0.23466286445560036
DOGEUSDT,"['BCHUSDT', 'LINKUSDT']",0.4512383637651835,0.23466286445560247
LINKUSDT,"['DOGEUSDT', 'BCHUSDT']",-15.914152968373523,0.23663660465699143
LINKUSDT,"['BCHUSDT', 'DOGEUSDT']",-15.914152968422586,0.2366366046569962
BCHUSDT,"['DOGEUSDT', 'LINKUSDT']",0.9867418296760617,0.006227552666561165
BCHUSDT,"['LINKUSDT', 'DOGEUSDT']",0.9867418296760695,0.006227552666557834
DOGEUSDT,"['LINKUSDT', 'DAIUSDT']",0.4512383637645428,0.23466286445560036
DOGEUSDT,"['DAIUSDT', 'LINKUSDT']",0.4512383637651835,0.23466286445560247
LINKUSDT,"['DOGEUSDT', 'DAIUSDT']",-15.914152968373523,0.23663660465699143
LINKUSDT,"['DAIUSDT', 'DOGEUSDT']",-15.914152968422586,0.2366366046569962
DAIUSDT,"['DOGEUSDT', 'LINKUSDT']",0.9867418296760617,0.006227552666561165
DAIUSDT,"['LINKUSDT', 'DOGEUSDT']",0.9867418296760695,0.006227552666557834
DOGEUSDT,"['LINKUSDT', 'LTCUSDT']",-0.05673281433155128,0.33742194103251055
DOGEUSDT,"['LTCUSDT', 'LINKUSDT']",-0.05673281433157932,0.33742194103251066
LINKUSDT,"['DOGEUSDT', 'LTCUSDT']",1.668153912565285,0.6251786322739865
LINKUSDT,"['LTCUSDT', 'DOGEUSDT']",1.668153912563159,0.6251786322739903
LTCUSDT,"['DOGEUSDT', 'LINKUSDT']",25.51213189678366,0.6757827197142661
LTCUSDT,"['LINKUSDT', 'DOGEUSDT']",25.51213189678538,0.6757827197142674
DOGEUSDT,"['LINKUSDT', 'XLMUSDT']",0.08914531708146106,0.40959736597487806
DOGEUSDT,"['XLMUSDT', 'LINKUSDT']",0.0891453170814735,0.4095973659748793
LINKUSDT,"['DOGEUSDT', 'XLMUSDT']",11.665640508254741,0.557510931618713
LINKUSDT,"['XLMUSDT', 'DOGEUSDT']",11.665640508255034,0.557510931618711
XLMUSDT,"['DOGEUSDT', 'LINKUSDT']",-0.1849790478358041,0.6597083843936555
XLMUSDT,"['LINKUSDT', 'DOGEUSDT']",-0.18497904783579702,0.6597083843936551
DOGEUSDT,"['LINKUSDT', 'AVAXUSDT']",0.006161320461660908,0.2322856530673505
DOGEUSDT,"['AVAXUSDT', 'LINKUSDT']",0.006161320461663396,0.23228565306735127
LINKUSDT,"['DOGEUSDT', 'AVAXUSDT']",3.918036889900695,0.5471392510148182
LINKUSDT,"['AVAXUSDT', 'DOGEUSDT']",3.9180368899008124,0.5471392510148193
AVAXUSDT,"['DOGEUSDT', 'LINKUSDT']",11.250313617340495,0.4775674073003784
AVAXUSDT,"['LINKUSDT', 'DOGEUSDT']",11.25031361734133,0.47756740730037794
DOGEUSDT,"['SOLUSDT', 'WBTC']",-0.021403379489171922,0.7168740886329996
DOGEUSDT,"['WBTC', 'SOLUSDT']",-0.021403379489419113,0.7168740886330058
SOLUSDT,"['DOGEUSDT', 'WBTC']",98.58813033144003,0.7098602274139603
SOLUSDT,"['WBTC', 'DOGEUSDT']",98.58813033144308,0.7098602274139605
WBTC,"['DOGEUSDT', 'SOLUSDT']",1.0403214040609488,0.07985745981419778
WBTC,"['SOLUSDT', 'DOGEUSDT']",1.0403214040609556,0.0798574598141989
DOGEUSDT,"['SOLUSDT', 'XRPUSDT']",-0.15079022479265158,0.7873182365211497
DOGEUSDT,"['XRPUSDT', 'SOLUSDT']",-0.15079022479264573,0.787318236521149
SOLUSDT,"['DOGEUSDT', 'XRPUSDT']",99.31334927930548,0.7314662930726061
SOLUSDT,"['XRPUSDT', 'DOGEUSDT']",99.31334927930442,0.7314662930726055
XRPUSDT,"['DOGEUSDT', 'SOLUSDT']",1.0947152093964143,0.3499622285646723
XRPUSDT,"['SOLUSDT', 'DOGEUSDT']",1.0947152093962118,0.34996222856467374
DOGEUSDT,"['SOLUSDT', 'BCHUSDT']",-0.11801934488075494,0.7098777599522317
DOGEUSDT,"['BCHUSDT', 'SOLUSDT']",-0.11801934488076468,0.7098777599522288
SOLUSDT,"['DOGEUSDT', 'BCHUSDT']",107.66891235449623,0.7098666387842053
SOLUSDT,"['BCHUSDT', 'DOGEUSDT']",107.66891235443646,0.7098666387842026
BCHUSDT,"['DOGEUSDT', 'SOLUSDT']",0.9894538266467393,0.0005242479075927564
BCHUSDT,"['SOLUSDT', 'DOGEUSDT']",0.9894538266467251,0.0005242479075934225
DOGEUSDT,"['SOLUSDT', 'DAIUSDT']",-0.11801934488075494,0.7098777599522317
DOGEUSDT,"['DAIUSDT', 'SOLUSDT']",-0.11801934488076468,0.7098777599522288
SOLUSDT,"['DOGEUSDT', 'DAIUSDT']",107.66891235449623,0.7098666387842053
SOLUSDT,"['DAIUSDT', 'DOGEUSDT']",107.66891235443646,0.7098666387842026
DAIUSDT,"['DOGEUSDT', 'SOLUSDT']",0.9894538266467393,0.0005242479075927564
DAIUSDT,"['SOLUSDT', 'DOGEUSDT']",0.9894538266467251,0.0005242479075934225
DOGEUSDT,"['SOLUSDT', 'LTCUSDT']",-0.22772969774292995,0.7843450343932815
DOGEUSDT,"['LTCUSDT', 'SOLUSDT']",-0.227729697742919,0.7843450343932834
SOLUSDT,"['DOGEUSDT', 'LTCUSDT']",115.4441921759534,0.7245459031609431
SOLUSDT,"['LTCUSDT', 'DOGEUSDT']",115.4441921759655,0.724545903160942
LTCUSDT,"['DOGEUSDT', 'SOLUSDT']",80.49227718796824,0.3695073537269976
LTCUSDT,"['SOLUSDT', 'DOGEUSDT']",80.49227718796271,0.36950735372699095
DOGEUSDT,"['SOLUSDT', 'XLMUSDT']",-0.14343493399356375,0.8080133445497382
DOGEUSDT,"['XLMUSDT', 'SOLUSDT']",-0.14343493399355994,0.8080133445497377
SOLUSDT,"['DOGEUSDT', 'XLMUSDT']",99.38239985703962,0.7328998977709276
SOLUSDT,"['XLMUSDT', 'DOGEUSDT']",99.38239985703805,0.7328998977709271
XLMUSDT,"['DOGEUSDT', 'SOLUSDT']",0.16161909053408496,0.45644721009056133
XLMUSDT,"['SOLUSDT', 'DOGEUSDT']",0.16161909053404927,0.45644721009055966
DOGEUSDT,"['SOLUSDT', 'AVAXUSDT']",-0.1768332299707749,0.7166178242902583
DOGEUSDT,"['AVAXUSDT', 'SOLUSDT']",-0.17683322997077788,0.7166178242902581
SOLUSDT,"['DOGEUSDT', 'AVAXUSDT']",94.90485377044183,0.7104885610905285
SOLUSDT,"['AVAXUSDT', 'DOGEUSDT']",94.90485377044544,0.7104885610905303
AVAXUSDT,"['DOGEUSDT', 'SOLUSDT']",26.439734758413607,0.1162075589672461
AVAXUSDT,"['SOLUSDT', 'DOGEUSDT']",26.43973475841232,0.11620755896723833
DOGEUSDT,"['WBTC', 'XRPUSDT']",0.44463735340852956,0.3472021416875609
DOGEUSDT,"['XRPUSDT', 'WBTC']",0.4446373534092808,0.34720214168756225
WBTC,"['DOGEUSDT', 'XRPUSDT']",1.0391479393759595,0.08231841560512043
WBTC,"['XRPUSDT', 'DOGEUSDT']",1.0391479393759633,0.0823184156051211
XRPUSDT,"['DOGEUSDT', 'WBTC']",-0.45823880650529214,0.2995390012688587
XRPUSDT,"['WBTC', 'DOGEUSDT']",-0.4582388065039693,0.29953900126886024
DOGEUSDT,"['WBTC', 'BCHUSDT']",0.8569144529732693,0.0807281790370784
DOGEUSDT,"['BCHUSDT', 'WBTC']",0.8569144529742234,0.08072817903707696
WBTC,"['DOGEUSDT', 'BCHUSDT']",1.2339720837907096,0.08084679027429442
WBTC,"['BCHUSDT', 'DOGEUSDT']",1.2339720837904358,0.08084679027427089
BCHUSDT,"['DOGEUSDT', 'WBTC']",0.9949172813052184,0.0015768141718097706
BCHUSDT,"['WBTC', 'DOGEUSDT']",0.9949172813053431,0.001576814171827312
DOGEUSDT,"['WBTC', 'DAIUSDT']",0.8569144529732693,0.0807281790370784
DOGEUSDT,"['DAIUSDT', 'WBTC']",0.8569144529742234,0.08072817903707696
WBTC,"['DOGEUSDT', 'DAIUSDT']",1.2339720837907096,0.08084679027429442
WBTC,"['DAIUSDT', 'DOGEUSDT']",1.2339720837904358,0.08084679027427089
DAIUSDT,"['DOGEUSDT', 'WBTC']",0.9949172813052184,0.0015768141718097706
DAIUSDT,"['WBTC', 'DOGEUSDT']",0.9949172813053431,0.001576814171827312
DOGEUSDT,"['WBTC', 'LTCUSDT']",0.2249847331298174,0.36742913800456833
DOGEUSDT,"['LTCUSDT', 'WBTC']",0.22498473313049694,0.3674291380045641
WBTC,"['DOGEUSDT', 'LTCUSDT']",1.0467155779703223,0.08063652040786773
WBTC,"['LTCUSDT', 'DOGEUSDT']",1.046715577970312,0.0806365204078564
LTCUSDT,"['DOGEUSDT', 'WBTC']",70.67747501621619,0.3364552852081617
LTCUSDT,"['WBTC', 'DOGEUSDT']",70.67747501619874,0.3364552852081616
DOGEUSDT,"['WBTC', 'XLMUSDT']",0.34839282334977983,0.43805813195560694
DOGEUSDT,"['XLMUSDT', 'WBTC']",0.34839282335036265,0.4380581319556014
WBTC,"['DOGEUSDT', 'XLMUSDT']",1.039892761093471,0.07985841601874699
WBTC,"['XLMUSDT', 'DOGEUSDT']",1.0398927610934559,0.07985841601874089
XLMUSDT,"['DOGEUSDT', 'WBTC']",0.026478712876768756,0.40956174239682475
XLMUSDT,"['WBTC', 'DOGEUSDT']",0.026478712876742538,0.4095617423968254
DOGEUSDT,"['WBTC', 'AVAXUSDT']",0.3603573461813562,0.1478957849891741
DOGEUSDT,"['AVAXUSDT', 'WBTC']",0.36035734618198034,0.147895784989175
WBTC,"['DOGEUSDT', 'AVAXUSDT']",1.0918687757399108,0.13807996006018786
WBTC,"['AVAXUSDT', 'DOGEUSDT']",1.0918687757399037,0.13807996006018042
AVAXUSDT,"['DOGEUSDT', 'WBTC']",64.2114274912201,0.170333241380357
AVAXUSDT,"['WBTC', 'DOGEUSDT']",64.21142749113984,0.17033324138036088
DOGEUSDT,"['XRPUSDT', 'BCHUSDT']",0.2681128091893222,0.297959465123664
DOGEUSDT,"['BCHUSDT', 'XRPUSDT']",0.26811280918946595,0.297959465123664
XRPUSDT,"['DOGEUSDT', 'BCHUSDT']",-0.07537548664792773,0.29766734415302465
XRPUSDT,"['BCHUSDT', 'DOGEUSDT']",-0.07537548664879748,0.2976673441530244
BCHUSDT,"['DOGEUSDT', 'XRPUSDT']",0.9891990703816709,0.0005118045069053556
BCHUSDT,"['XRPUSDT', 'DOGEUSDT']",0.9891990703816742,0.0005118045068988053
DOGEUSDT,"['XRPUSDT', 'DAIUSDT']",0.2681128091893222,0.297959465123664
DOGEUSDT,"['DAIUSDT', 'XRPUSDT']",0.26811280918946595,0.297959465123664
XRPUSDT,"['DOGEUSDT', 'DAIUSDT']",-0.07537548664792773,0.29766734415302465
XRPUSDT,"['DAIUSDT', 'DOGEUSDT']",-0.07537548664879748,0.2976673441530244
DAIUSDT,"['DOGEUSDT', 'XRPUSDT']",0.9891990703816709,0.0005118045069053556
DAIUSDT,"['XRPUSDT', 'DOGEUSDT']",0.9891990703816742,0.0005118045068988053
DOGEUSDT,"['XRPUSDT', 'LTCUSDT']",-0.014932273083058362,0.34340995909296046
DOGEUSDT,"['LTCUSDT', 'XRPUSDT']",-0.014932273083078058,0.3434099590929608
XRPUSDT,"['DOGEUSDT', 'LTCUSDT']",-2.016199577110232,0.7540761573855572
XRPUSDT,"['LTCUSDT', 'DOGEUSDT']",-2.0161995771105863,0.7540761573855561
LTCUSDT,"['DOGEUSDT', 'XRPUSDT']",59.62416364635831,0.7674632277002521
LTCUSDT,"['XRPUSDT', 'DOGEUSDT']",59.624163646358596,0.7674632277002522
DOGEUSDT,"['XRPUSDT', 'XLMUSDT']",0.08871922125103562,0.4304661208310432
DOGEUSDT,"['XLMUSDT', 'XRPUSDT']",0.0887192212510508,0.4304661208310374
XRPUSDT,"['DOGEUSDT', 'XLMUSDT']",0.011570270194447757,0.8760065499663932
XRPUSDT,"['XLMUSDT', 'DOGEUSDT']",0.011570270194564697,0.8760065499663926
XLMUSDT,"['DOGEUSDT', 'XRPUSDT']",0.0026180580483648984,0.8957618647852252
XLMUSDT,"['XRPUSDT', 'DOGEUSDT']",0.0026180580483653676,0.8957618647852251
DOGEUSDT,"['XRPUSDT', 'AVAXUSDT']",0.02587102447931068,0.3608768700206354
DOGEUSDT,"['AVAXUSDT', 'XRPUSDT']",0.02587102447930409,0.3608768700206356
XRPUSDT,"['DOGEUSDT', 'AVAXUSDT']",0.21767203303005722,0.2980804216417543
XRPUSDT,"['AVAXUSDT', 'DOGEUSDT']",0.21767203303011584,0.2980804216417562
AVAXUSDT,"['DOGEUSDT', 'XRPUSDT']",28.391800479646463,0.1148189143978432
AVAXUSDT,"['XRPUSDT', 'DOGEUSDT']",28.39180047964647,0.11481891439784386
DOGEUSDT,"['BCHUSDT', 'DAIUSDT']",0.3648731094241409,0.0004990431334459533
DOGEUSDT,"['DAIUSDT', 'BCHUSDT']",0.3648731094241409,0.0004990431334459533
BCHUSDT,"['DOGEUSDT', 'DAIUSDT']",8.39051050860462e-14,1.0
BCHUSDT,"['DAIUSDT', 'DOGEUSDT']",-1.841553385478756e-12,1.0
DAIUSDT,"['DOGEUSDT', 'BCHUSDT']",8.39051050860462e-14,1.0
DAIUSDT,"['BCHUSDT', 'DOGEUSDT']",-1.841553385478756e-12,1.0
DOGEUSDT,"['BCHUSDT', 'LTCUSDT']",0.14757643636089982,0.33639401862945373
DOGEUSDT,"['LTCUSDT', 'BCHUSDT']",0.14757643636058007,0.3363940186294515
BCHUSDT,"['DOGEUSDT', 'LTCUSDT']",0.9885807328835161,0.0007534737105078237
BCHUSDT,"['LTCUSDT', 'DOGEUSDT']",0.9885807328834875,0.0007534737105082678
LTCUSDT,"['DOGEUSDT', 'BCHUSDT']",37.51746372074079,0.33605998526623315
LTCUSDT,"['BCHUSDT', 'DOGEUSDT']",37.51746372066168,0.33605998526622993
DOGEUSDT,"['BCHUSDT', 'XLMUSDT']",0.29086436064126886,0.4100487567908281
DOGEUSDT,"['XLMUSDT', 'BCHUSDT']",0.2908643606410402,0.4100487567908281
BCHUSDT,"['DOGEUSDT', 'XLMUSDT']",0.9891642556076033,0.0008251722114267501
BCHUSDT,"['XLMUSDT', 'DOGEUSDT']",0.9891642556075932,0.0008251722114297477
XLMUSDT,"['DOGEUSDT', 'BCHUSDT']",-0.15205076566873585,0.40975194272788085
XLMUSDT,"['BCHUSDT', 'DOGEUSDT']",-0.1520507656690887,0.40975194272788185
DOGEUSDT,"['BCHUSDT', 'AVAXUSDT']",0.41257636356103156,0.11588139823389165
DOGEUSDT,"['AVAXUSDT', 'BCHUSDT']",0.41257636356058347,0.11588139823388321
BCHUSDT,"['DOGEUSDT', 'AVAXUSDT']",0.9870321093783809,0.004453423108136345
BCHUSDT,"['AVAXUSDT', 'DOGEUSDT']",0.9870321093783754,0.0044534231081380105
AVAXUSDT,"['DOGEUSDT', 'BCHUSDT']",-22.648272351206277,0.11779087528280785
AVAXUSDT,"['BCHUSDT', 'DOGEUSDT']",-22.648272351297983,0.11779087528281595
DOGEUSDT,"['DAIUSDT', 'LTCUSDT']",0.14757643636089982,0.33639401862945373
DOGEUSDT,"['LTCUSDT', 'DAIUSDT']",0.14757643636058007,0.3363940186294515
DAIUSDT,"['DOGEUSDT', 'LTCUSDT']",0.9885807328835161,0.0007534737105078237
DAIUSDT,"['LTCUSDT', 'DOGEUSDT']",0.9885807328834875,0.0007534737105082678
LTCUSDT,"['DOGEUSDT', 'DAIUSDT']",37.51746372074079,0.33605998526623315
LTCUSDT,"['DAIUSDT', 'DOGEUSDT']",37.51746372066168,0.33605998526622993
DOGEUSDT,"['DAIUSDT', 'XLMUSDT']",0.29086436064126886,0.4100487567908281
DOGEUSDT,"['XLMUSDT', 'DAIUSDT']",0.2908643606410402,0.4100487567908281
DAIUSDT,"['DOGEUSDT', 'XLMUSDT']",0.9891642556076033,0.0008251722114267501
DAIUSDT,"['XLMUSDT', 'DOGEUSDT']",0.9891642556075932,0.0008251722114297477
XLMUSDT,"['DOGEUSDT', 'DAIUSDT']",-0.15205076566873585,0.40975194272788085
XLMUSDT,"['DAIUSDT', 'DOGEUSDT']",-0.1520507656690887,0.40975194272788185
DOGEUSDT,"['DAIUSDT', 'AVAXUSDT']",0.41257636356103156,0.11588139823389165
DOGEUSDT,"['AVAXUSDT', 'DAIUSDT']",0.41257636356058347,0.11588139823388321
DAIUSDT,"['DOGEUSDT', 'AVAXUSDT']",0.9870321093783809,0.004453423108136345
DAIUSDT,"['AVAXUSDT', 'DOGEUSDT']",0.9870321093783754,0.0044534231081380105
AVAXUSDT,"['DOGEUSDT', 'DAIUSDT']",-22.648272351206277,0.11779087528280785
AVAXUSDT,"['DAIUSDT', 'DOGEUSDT']",-22.648272351297983,0.11779087528281595
DOGEUSDT,"['LTCUSDT', 'XLMUSDT']",0.052930902633653756,0.4147721599275682
DOGEUSDT,"['XLMUSDT', 'LTCUSDT']",0.052930902633664796,0.41477215992756367
LTCUSDT,"['DOGEUSDT', 'XLMUSDT']",59.74166614851239,0.7171227305241485
LTCUSDT,"['XLMUSDT', 'DOGEUSDT']",59.741666148513794,0.7171227305241489
XLMUSDT,"['DOGEUSDT', 'LTCUSDT']",-0.26944861433592426,0.7485017678199417
XLMUSDT,"['LTCUSDT', 'DOGEUSDT']",-0.2694486143359648,0.7485017678199442
DOGEUSDT,"['LTCUSDT', 'AVAXUSDT']",-0.07315343715147513,0.3442613418298909
DOGEUSDT,"['AVAXUSDT', 'LTCUSDT']",-0.0731534371514441,0.3442613418298913
LTCUSDT,"['DOGEUSDT', 'AVAXUSDT']",44.96292483080785,0.4040842732961897
LTCUSDT,"['AVAXUSDT', 'DOGEUSDT']",44.96292483080896,0.40408427329619057
AVAXUSDT,"['DOGEUSDT', 'LTCUSDT']",18.017554800431384,0.2052352213524815
AVAXUSDT,"['LTCUSDT', 'DOGEUSDT']",18.01755480042944,0.20523522135248118
DOGEUSDT,"['XLMUSDT', 'AVAXUSDT']",0.04849854971861969,0.42629921912295565
DOGEUSDT,"['AVAXUSDT', 'XLMUSDT']",0.04849854971861686,0.4262992191229561
XLMUSDT,"['DOGEUSDT', 'AVAXUSDT']",-0.033820827148052235,0.42626354927558785
XLMUSDT,"['AVAXUSDT', 'DOGEUSDT']",-0.0338208271480422,0.42626354927558996
AVAXUSDT,"['DOGEUSDT', 'XLMUSDT']",28.01766327166753,0.1393445516142966
AVAXUSDT,"['XLMUSDT', 'DOGEUSDT']",28.01766327166748,0.1393445516142947
LINKUSDT,"['SOLUSDT', 'WBTC']",25.387526954049907,0.12898703483006824
LINKUSDT,"['WBTC', 'SOLUSDT']",25.387526954019258,0.12898703483006668
SOLUSDT,"['LINKUSDT', 'WBTC']",222.1661093985718,0.11860978913861786
SOLUSDT,"['WBTC', 'LINKUSDT']",222.16610939834922,0.11860978913861309
WBTC,"['LINKUSDT', 'SOLUSDT']",1.1023401263817219,0.09635386235171739
WBTC,"['SOLUSDT', 'LINKUSDT']",1.1023401263817165,0.09635386235172216
LINKUSDT,"['SOLUSDT', 'XRPUSDT']",11.245681619598837,0.5124562897087922
LINKUSDT,"['XRPUSDT', 'SOLUSDT']",11.24568161959883,0.5124562897087934
SOLUSDT,"['LINKUSDT', 'XRPUSDT']",127.93315882229263,0.12103322239352032
SOLUSDT,"['XRPUSDT', 'LINKUSDT']",127.93315882229047,0.1210332223935191
XRPUSDT,"['LINKUSDT', 'SOLUSDT']",-1.5370247784887865,0.5243142046389238
XRPUSDT,"['SOLUSDT', 'LINKUSDT']",-1.5370247784887994,0.5243142046389241
LINKUSDT,"['SOLUSDT', 'BCHUSDT']",-15.73241070071357,0.09496008357600161
LINKUSDT,"['BCHUSDT', 'SOLUSDT']",-15.732410700760651,0.09496008357599717
SOLUSDT,"['LINKUSDT', 'BCHUSDT']",253.0786271621344,0.09258524450286598
SOLUSDT,"['BCHUSDT', 'LINKUSDT']",253.07862716228283,0.09258524450286543
BCHUSDT,"['LINKUSDT', 'SOLUSDT']",0.9880183939903463,0.0046925400025449315
BCHUSDT,"['SOLUSDT', 'LINKUSDT']",0.9880183939903439,0.004692540002562584
LINKUSDT,"['SOLUSDT', 'DAIUSDT']",-15.73241070071357,0.09496008357600161
LINKUSDT,"['DAIUSDT', 'SOLUSDT']",-15.732410700760651,0.09496008357599717
SOLUSDT,"['LINKUSDT', 'DAIUSDT']",253.0786271621344,0.09258524450286598
SOLUSDT,"['DAIUSDT', 'LINKUSDT']",253.07862716228283,0.09258524450286543
DAIUSDT,"['LINKUSDT', 'SOLUSDT']",0.9880183939903463,0.0046925400025449315
DAIUSDT,"['SOLUSDT', 'LINKUSDT']",0.9880183939903439,0.004692540002562584
LINKUSDT,"['SOLUSDT', 'LTCUSDT']",1.65382275095445,0.6243543939575402
LINKUSDT,"['LTCUSDT', 'SOLUSDT']",1.6538227509526824,0.6243543939575411
SOLUSDT,"['LINKUSDT', 'LTCUSDT']",95.38891001476537,0.15183412342070812
SOLUSDT,"['LTCUSDT', 'LINKUSDT']",95.38891001475388,0.15183412342070934
LTCUSDT,"['LINKUSDT', 'SOLUSDT']",15.6923217620472,0.6494119077844913
LTCUSDT,"['SOLUSDT', 'LINKUSDT']",15.692321762045973,0.6494119077844918
LINKUSDT,"['SOLUSDT', 'XLMUSDT']",11.95899267354029,0.5577095643509038
LINKUSDT,"['XLMUSDT', 'SOLUSDT']",11.958992673540854,0.5577095643509045
SOLUSDT,"['LINKUSDT', 'XLMUSDT']",137.861058719556,0.1789751545654894
SOLUSDT,"['XLMUSDT', 'LINKUSDT']",137.86105871955894,0.17897515456549173
XLMUSDT,"['LINKUSDT', 'SOLUSDT']",-0.26862681363441976,0.6002610023339761
XLMUSDT,"['SOLUSDT', 'LINKUSDT']",-0.26862681363442475,0.6002610023339754
LINKUSDT,"['SOLUSDT', 'AVAXUSDT']",3.3160146416140934,0.4862314107818956
LINKUSDT,"['AVAXUSDT', 'SOLUSDT']",3.3160146416144785,0.4862314107818957
SOLUSDT,"['LINKUSDT', 'AVAXUSDT']",105.82995274448287,0.11019319545052653
SOLUSDT,"['AVAXUSDT', 'LINKUSDT']",105.82995274448297,0.11019319545052908
AVAXUSDT,"['LINKUSDT', 'SOLUSDT']",8.242002258439921,0.48850241665946537
AVAXUSDT,"['SOLUSDT', 'LINKUSDT']",8.24200225843937,0.48850241665946625
LINKUSDT,"['WBTC', 'XRPUSDT']",25.212419109714098,0.5412415909399673
LINKUSDT,"['XRPUSDT', 'WBTC']",25.212419109740807,0.5412415909399635
WBTC,"['LINKUSDT', 'XRPUSDT']",1.0813429089899658,0.07915256757417988
WBTC,"['XRPUSDT', 'LINKUSDT']",1.0813429089899569,0.07915256757417255
XRPUSDT,"['LINKUSDT', 'WBTC']",-2.3000298630514324,0.5139228226839287
XRPUSDT,"['WBTC', 'LINKUSDT']",-2.3000298630492235,0.5139228226839259
LINKUSDT,"['WBTC', 'BCHUSDT']",13.402870956043614,0.07055922380798241
LINKUSDT,"['BCHUSDT', 'WBTC']",13.40287095596717,0.07055922380799362
WBTC,"['LINKUSDT', 'BCHUSDT']",1.1334461767308994,0.06827630996609702
WBTC,"['BCHUSDT', 'LINKUSDT']",1.1334461767304878,0.0682763099660636
BCHUSDT,"['LINKUSDT', 'WBTC']",0.9886492895614385,0.0031991809055303966
BCHUSDT,"['WBTC', 'LINKUSDT']",0.988649289561563,0.003199180905486876
LINKUSDT,"['WBTC', 'DAIUSDT']",13.402870956043614,0.07055922380798241
LINKUSDT,"['DAIUSDT', 'WBTC']",13.40287095596717,0.07055922380799362
WBTC,"['LINKUSDT', 'DAIUSDT']",1.1334461767308994,0.06827630996609702
WBTC,"['DAIUSDT', 'LINKUSDT']",1.1334461767304878,0.0682763099660636
DAIUSDT,"['LINKUSDT', 'WBTC']",0.9886492895614385,0.0031991809055303966
DAIUSDT,"['WBTC', 'LINKUSDT']",0.988649289561563,0.003199180905486876
LINKUSDT,"['WBTC', 'LTCUSDT']",10.145470811036187,0.6377020127012194
LINKUSDT,"['LTCUSDT', 'WBTC']",10.14547081105614,0.6377020127012263
WBTC,"['LINKUSDT', 'LTCUSDT']",1.063434800332681,0.06919931249040434
WBTC,"['LTCUSDT', 'LINKUSDT']",1.0634348003326446,0.06919931249040101
LTCUSDT,"['LINKUSDT', 'WBTC']",18.82668555424177,0.6247308300583354
LTCUSDT,"['WBTC', 'LINKUSDT']",18.826685554260806,0.6247308300583369
LINKUSDT,"['WBTC', 'XLMUSDT']",20.802060797545515,0.5736559115052541
LINKUSDT,"['XLMUSDT', 'WBTC']",20.802060797563954,0.5736559115052517
WBTC,"['LINKUSDT', 'XLMUSDT']",1.0703192332315166,0.06852918214840298
WBTC,"['XLMUSDT', 'LINKUSDT']",1.070319233231503,0.06852918214839587
XLMUSDT,"['LINKUSDT', 'WBTC']",-0.21120054363615287,0.5576568575728404
XLMUSDT,"['WBTC', 'LINKUSDT']",-0.21120054363612,0.5576568575728411
LINKUSDT,"['WBTC', 'AVAXUSDT']",7.794431981451224,0.47915773420548935
LINKUSDT,"['AVAXUSDT', 'WBTC']",7.794431981454643,0.4791577342054878
WBTC,"['LINKUSDT', 'AVAXUSDT']",1.0896970994318869,0.10686838969989187
WBTC,"['AVAXUSDT', 'LINKUSDT']",1.0896970994318864,0.10686838969988333
AVAXUSDT,"['LINKUSDT', 'WBTC']",34.02803261024653,0.4992359420364557
AVAXUSDT,"['WBTC', 'LINKUSDT']",34.0280326101976,0.49923594203645416
LINKUSDT,"['XRPUSDT', 'BCHUSDT']",-13.970861228767264,0.5119860233389499
LINKUSDT,"['BCHUSDT', 'XRPUSDT']",-13.970861228814062,0.5119860233389503
XRPUSDT,"['LINKUSDT', 'BCHUSDT']",2.7704991392791,0.5105206332180294
XRPUSDT,"['BCHUSDT', 'LINKUSDT']",2.770499139285131,0.5105206332180261
BCHUSDT,"['LINKUSDT', 'XRPUSDT']",0.9852422819749516,0.007939657738470718
BCHUSDT,"['XRPUSDT', 'LINKUSDT']",0.9852422819749393,0.007939657738471939
LINKUSDT,"['XRPUSDT', 'DAIUSDT']",-13.970861228767264,0.5119860233389499
LINKUSDT,"['DAIUSDT', 'XRPUSDT']",-13.970861228814062,0.5119860233389503
XRPUSDT,"['LINKUSDT', 'DAIUSDT']",2.7704991392791,0.5105206332180294
XRPUSDT,"['DAIUSDT', 'LINKUSDT']",2.770499139285131,0.5105206332180261
DAIUSDT,"['LINKUSDT', 'XRPUSDT']",0.9852422819749516,0.007939657738470718
DAIUSDT,"['XRPUSDT', 'LINKUSDT']",0.9852422819749393,0.007939657738471939
LINKUSDT,"['XRPUSDT', 'LTCUSDT']",2.782506866577309,0.6274591813684408
LINKUSDT,"['LTCUSDT', 'XRPUSDT']",2.782506866575803,0.6274591813684398
XRPUSDT,"['LINKUSDT', 'LTCUSDT']",-2.0705027583864553,0.7533432988635396
XRPUSDT,"['LTCUSDT', 'LINKUSDT']",-2.0705027583867914,0.7533432988635393
LTCUSDT,"['LINKUSDT', 'XRPUSDT']",43.474729712502466,0.8116083883916497
LTCUSDT,"['XRPUSDT', 'LINKUSDT']",43.47472971250093,0.8116083883916496
LINKUSDT,"['XRPUSDT', 'XLMUSDT']",11.734375939447432,0.5594291974638328
LINKUSDT,"['XLMUSDT', 'XRPUSDT']",11.734375939447665,0.5594291974638328
XRPUSDT,"['LINKUSDT', 'XLMUSDT']",-0.14027981198386116,0.8720204339544746
XRPUSDT,"['XLMUSDT', 'LINKUSDT']",-0.14027981198368245,0.8720204339544744
XLMUSDT,"['LINKUSDT', 'XRPUSDT']",-0.029285308652765844,0.88486347172209
XLMUSDT,"['XRPUSDT', 'LINKUSDT']",-0.02928530865277028,0.8848634717220902
LINKUSDT,"['XRPUSDT', 'AVAXUSDT']",3.0669627997473636,0.8460499391789359
LINKUSDT,"['AVAXUSDT', 'XRPUSDT']",3.066962799746674,0.8460499391789359
XRPUSDT,"['LINKUSDT', 'AVAXUSDT']",-0.5293592051514661,0.7133726277348388
XRPUSDT,"['AVAXUSDT', 'LINKUSDT']",-0.5293592051514171,0.7133726277348383
AVAXUSDT,"['LINKUSDT', 'XRPUSDT']",2.8109311182071597,0.6955487208357132
AVAXUSDT,"['XRPUSDT', 'LINKUSDT']",2.8109311182058407,0.6955487208357154
LINKUSDT,"['BCHUSDT', 'DAIUSDT']",-7.537511363647882,0.0030595602247142084
LINKUSDT,"['DAIUSDT', 'BCHUSDT']",-7.537511363647882,0.0030595602247142084
BCHUSDT,"['LINKUSDT', 'DAIUSDT']",1.8378224289627987e-13,1.0
BCHUSDT,"['DAIUSDT', 'LINKUSDT']",-1.868987169889591e-12,1.0
DAIUSDT,"['LINKUSDT', 'BCHUSDT']",1.8378224289627987e-13,1.0
DAIUSDT,"['BCHUSDT', 'LINKUSDT']",-1.868987169889591e-12,1.0
LINKUSDT,"['BCHUSDT', 'LTCUSDT']",-21.9806232737433,0.6273954418030188
LINKUSDT,"['LTCUSDT', 'BCHUSDT']",-21.98062327370166,0.6273954418030236
BCHUSDT,"['LINKUSDT', 'LTCUSDT']",0.9882401872350537,0.00820200043258279
BCHUSDT,"['LTCUSDT', 'LINKUSDT']",0.9882401872350435,0.008202000432612433
LTCUSDT,"['LINKUSDT', 'BCHUSDT']",110.7431529458269,0.6262440018719955
LTCUSDT,"['BCHUSDT', 'LINKUSDT']",110.74315294592748,0.6262440018719981
LINKUSDT,"['BCHUSDT', 'XLMUSDT']",-12.010510473894964,0.5606046509408195
LINKUSDT,"['XLMUSDT', 'BCHUSDT']",-12.01051047384907,0.560604650940811
BCHUSDT,"['LINKUSDT', 'XLMUSDT']",0.9853472644573693,0.0070518757960550404
BCHUSDT,"['XLMUSDT', 'LINKUSDT']",0.9853472644573591,0.007051875796078355
XLMUSDT,"['LINKUSDT', 'BCHUSDT']",0.34949968475591875,0.5592469188132629
XLMUSDT,"['BCHUSDT', 'LINKUSDT']",0.34949968475670856,0.5592469188132638
LINKUSDT,"['BCHUSDT', 'AVAXUSDT']",-3.8139175581624754,0.4779293686843531
LINKUSDT,"['AVAXUSDT', 'BCHUSDT']",-3.8139175581419043,0.47792936868434877
BCHUSDT,"['LINKUSDT', 'AVAXUSDT']",0.9863630699448896,0.003412823920382002
BCHUSDT,"['AVAXUSDT', 'LINKUSDT']",0.9863630699448834,0.0034128239203834454
AVAXUSDT,"['LINKUSDT', 'BCHUSDT']",-0.15203654110175083,0.47770996972411894
AVAXUSDT,"['BCHUSDT', 'LINKUSDT']",-0.15203654113588325,0.47770996972411794
LINKUSDT,"['DAIUSDT', 'LTCUSDT']",-21.9806232737433,0.6273954418030188
LINKUSDT,"['LTCUSDT', 'DAIUSDT']",-21.98062327370166,0.6273954418030236
DAIUSDT,"['LINKUSDT', 'LTCUSDT']",0.9882401872350537,0.00820200043258279
DAIUSDT,"['LTCUSDT', 'LINKUSDT']",0.9882401872350435,0.008202000432612433
LTCUSDT,"['LINKUSDT', 'DAIUSDT']",110.7431529458269,0.6262440018719955
LTCUSDT,"['DAIUSDT', 'LINKUSDT']",110.74315294592748,0.6262440018719981
LINKUSDT,"['DAIUSDT', 'XLMUSDT']",-12.010510473894964,0.5606046509408195
LINKUSDT,"['XLMUSDT', 'DAIUSDT']",-12.01051047384907,0.560604650940811
DAIUSDT,"['LINKUSDT', 'XLMUSDT']",0.9853472644573693,0.0070518757960550404
DAIUSDT,"['XLMUSDT', 'LINKUSDT']",0.9853472644573591,0.007051875796078355
XLMUSDT,"['LINKUSDT', 'DAIUSDT']",0.34949968475591875,0.5592469188132629
XLMUSDT,"['DAIUSDT', 'LINKUSDT']",0.34949968475670856,0.5592469188132638
LINKUSDT,"['DAIUSDT', 'AVAXUSDT']",-3.8139175581624754,0.4779293686843531
LINKUSDT,"['AVAXUSDT', 'DAIUSDT']",-3.8139175581419043,0.47792936868434877
DAIUSDT,"['LINKUSDT', 'AVAXUSDT']",0.9863630699448896,0.003412823920382002
DAIUSDT,"['AVAXUSDT', 'LINKUSDT']",0.9863630699448834,0.0034128239203834454
AVAXUSDT,"['LINKUSDT', 'DAIUSDT']",-0.15203654110175083,0.47770996972411894
AVAXUSDT,"['DAIUSDT', 'LINKUSDT']",-0.15203654113588325,0.47770996972411794
LINKUSDT,"['LTCUSDT', 'XLMUSDT']",4.229229375427993,0.6460224224254068
LINKUSDT,"['XLMUSDT', 'LTCUSDT']",4.229229375430123,0.6460224224254065
LTCUSDT,"['LINKUSDT', 'XLMUSDT']",41.895737646110575,0.771705963714969
LTCUSDT,"['XLMUSDT', 'LINKUSDT']",41.895737646113616,0.7717059637149697
XLMUSDT,"['LINKUSDT', 'LTCUSDT']",-0.29657783146488037,0.7310952827833093
XLMUSDT,"['LTCUSDT', 'LINKUSDT']",-0.29657783146492267,0.7310952827833106
LINKUSDT,"['LTCUSDT', 'AVAXUSDT']",-2.0628450395107687,0.7696625817066933
LINKUSDT,"['AVAXUSDT', 'LTCUSDT']",-2.062845039508666,0.7696625817066924
LTCUSDT,"['LINKUSDT', 'AVAXUSDT']",30.958444709471507,0.6451428744443999
LTCUSDT,"['AVAXUSDT', 'LINKUSDT']",30.958444709472353,0.6451428744443992
AVAXUSDT,"['LINKUSDT', 'LTCUSDT']",14.462856696698452,0.506502418431294
AVAXUSDT,"['LTCUSDT', 'LINKUSDT']",14.462856696699241,0.5065024184312934
LINKUSDT,"['XLMUSDT', 'AVAXUSDT']",4.417845132874164,0.7747443830070022
LINKUSDT,"['AVAXUSDT', 'XLMUSDT']",4.417845132874593,0.7747443830069984
XLMUSDT,"['LINKUSDT', 'AVAXUSDT']",-0.12493964308152528,0.6181105972955289
XLMUSDT,"['AVAXUSDT', 'LINKUSDT']",-0.12493964308151863,0.6181105972955275
AVAXUSDT,"['LINKUSDT', 'XLMUSDT']",6.291224843285942,0.5491155567955613
AVAXUSDT,"['XLMUSDT', 'LINKUSDT']",6.291224843286187,0.5491155567955643
SOLUSDT,"['WBTC', 'XRPUSDT']",262.1450738551427,0.15413710409446113
SOLUSDT,"['XRPUSDT', 'WBTC']",262.145073855408,0.15413710409446135
WBTC,"['SOLUSDT', 'XRPUSDT']",1.0698124178515598,0.05823029436101601
WBTC,"['XRPUSDT', 'SOLUSDT']",1.0698124178515585,0.05823029436101823
XRPUSDT,"['SOLUSDT', 'WBTC']",0.3056616980698673,0.11431851891666467
XRPUSDT,"['WBTC', 'SOLUSDT']",0.3056616980690028,0.114318518916663
SOLUSDT,"['WBTC', 'BCHUSDT']",396.8225618758559,0.05782093613157335
SOLUSDT,"['BCHUSDT', 'WBTC']",396.82256187606436,0.057820936131581346
WBTC,"['SOLUSDT', 'BCHUSDT']",1.2571593074751963,0.057978613251137845
WBTC,"['BCHUSDT', 'SOLUSDT']",1.2571593074750465,0.05797861325113518
BCHUSDT,"['SOLUSDT', 'WBTC']",0.9952248291969326,0.001434606877333655
BCHUSDT,"['WBTC', 'SOLUSDT']",0.9952248291970125,0.0014346068773588572
SOLUSDT,"['WBTC', 'DAIUSDT']",396.8225618758559,0.05782093613157335
SOLUSDT,"['DAIUSDT', 'WBTC']",396.82256187606436,0.057820936131581346
WBTC,"['SOLUSDT', 'DAIUSDT']",1.2571593074751963,0.057978613251137845
WBTC,"['DAIUSDT', 'SOLUSDT']",1.2571593074750465,0.05797861325113518
DAIUSDT,"['SOLUSDT', 'WBTC']",0.9952248291969326,0.001434606877333655
DAIUSDT,"['WBTC', 'SOLUSDT']",0.9952248291970125,0.0014346068773588572
SOLUSDT,"['WBTC', 'LTCUSDT']",201.63629547011345,0.18036170044043542
SOLUSDT,"['LTCUSDT', 'WBTC']",201.63629547035356,0.1803617004404361
WBTC,"['SOLUSDT', 'LTCUSDT']",1.0883835686804273,0.06736752262146029
WBTC,"['LTCUSDT', 'SOLUSDT']",1.0883835686804182,0.0673675226214634
LTCUSDT,"['SOLUSDT', 'WBTC']",84.72210351515017,0.16101227702461873
LTCUSDT,"['WBTC', 'SOLUSDT']",84.72210351508784,0.1610122770246104
SOLUSDT,"['WBTC', 'XLMUSDT']",234.96711995320055,0.20566217991151992
SOLUSDT,"['XLMUSDT', 'WBTC']",234.96711995341468,0.2056621799115136
WBTC,"['SOLUSDT', 'XLMUSDT']",1.0677327521573705,0.06509927451602637
WBTC,"['XLMUSDT', 'SOLUSDT']",1.0677327521573599,0.06509927451601816
XLMUSDT,"['SOLUSDT', 'WBTC']",0.13613715883409705,0.18555700774154305
XLMUSDT,"['WBTC', 'SOLUSDT']",0.13613715883370986,0.1855570077415395
SOLUSDT,"['WBTC', 'AVAXUSDT']",211.2340965064564,0.11681124001811183
SOLUSDT,"['AVAXUSDT', 'WBTC']",211.2340965066365,0.11681124001811238
WBTC,"['SOLUSDT', 'AVAXUSDT']",1.114415167970802,0.12555076824351397
WBTC,"['AVAXUSDT', 'SOLUSDT']",1.114415167970804,0.12555076824351352
AVAXUSDT,"['SOLUSDT', 'WBTC']",61.90227351222508,0.16085529065853987
AVAXUSDT,"['WBTC', 'SOLUSDT']",61.902273512139395,0.1608552906585522
SOLUSDT,"['XRPUSDT', 'BCHUSDT']",207.62179626486795,0.1135577265470814
SOLUSDT,"['BCHUSDT', 'XRPUSDT']",207.6217962648879,0.1135577265470813
XRPUSDT,"['SOLUSDT', 'BCHUSDT']",-0.005770190143120135,0.11322286807234094
XRPUSDT,"['BCHUSDT', 'SOLUSDT']",-0.005770190143276024,0.11322286807234094
BCHUSDT,"['SOLUSDT', 'XRPUSDT']",0.9897011605518838,0.0004664287062103867
BCHUSDT,"['XRPUSDT', 'SOLUSDT']",0.9897011605518877,0.0004664287062053907
SOLUSDT,"['XRPUSDT', 'DAIUSDT']",207.62179626486795,0.1135577265470814
SOLUSDT,"['DAIUSDT', 'XRPUSDT']",207.6217962648879,0.1135577265470813
XRPUSDT,"['SOLUSDT', 'DAIUSDT']",-0.005770190143120135,0.11322286807234094
XRPUSDT,"['DAIUSDT', 'SOLUSDT']",-0.005770190143276024,0.11322286807234094
DAIUSDT,"['SOLUSDT', 'XRPUSDT']",0.9897011605518838,0.0004664287062103867
DAIUSDT,"['XRPUSDT', 'SOLUSDT']",0.9897011605518877,0.0004664287062053907
SOLUSDT,"['XRPUSDT', 'LTCUSDT']",94.75470559025997,0.15174563884252745
SOLUSDT,"['LTCUSDT', 'XRPUSDT']",94.75470559025231,0.15174563884253256
XRPUSDT,"['SOLUSDT', 'LTCUSDT']",-2.04521055027819,0.7512616937570056
XRPUSDT,"['LTCUSDT', 'SOLUSDT']",-2.0452105502785174,0.751261693757006
LTCUSDT,"['SOLUSDT', 'XRPUSDT']",54.90632136911559,0.7620668820869119
LTCUSDT,"['XRPUSDT', 'SOLUSDT']",54.90632136911544,0.7620668820869112
SOLUSDT,"['XRPUSDT', 'XLMUSDT']",133.58088611388848,0.20470894332990408
SOLUSDT,"['XLMUSDT', 'XRPUSDT']",133.5808861138921,0.20470894332990586
XRPUSDT,"['SOLUSDT', 'XLMUSDT']",0.15320304057581668,0.8755478889100239
XRPUSDT,"['XLMUSDT', 'SOLUSDT']",0.1532030405759796,0.8755478889100241
XLMUSDT,"['SOLUSDT', 'XRPUSDT']",-0.028811158967673396,0.884717173970583
XLMUSDT,"['XRPUSDT', 'SOLUSDT']",-0.028811158967674985,0.8847171739705835
SOLUSDT,"['XRPUSDT', 'AVAXUSDT']",106.21733067034187,0.17895717584834014
SOLUSDT,"['AVAXUSDT', 'XRPUSDT']",106.2173306703387,0.17895717584833937
XRPUSDT,"['SOLUSDT', 'AVAXUSDT']",-0.31765590136625,0.11737660779183401
XRPUSDT,"['AVAXUSDT', 'SOLUSDT']",-0.31765590136625477,0.11737660779183323
AVAXUSDT,"['SOLUSDT', 'XRPUSDT']",22.540387815109003,0.0993732422318434
AVAXUSDT,"['XRPUSDT', 'SOLUSDT']",22.540387815109355,0.09937324223184285
SOLUSDT,"['BCHUSDT', 'DAIUSDT']",227.25321502303214,0.0004512235172351442
SOLUSDT,"['DAIUSDT', 'BCHUSDT']",227.25321502303214,0.0004512235172351442
BCHUSDT,"['SOLUSDT', 'DAIUSDT']",7.941217128326628e-14,1.0
BCHUSDT,"['DAIUSDT', 'SOLUSDT']",-1.8702383391966393e-12,1.0
DAIUSDT,"['SOLUSDT', 'BCHUSDT']",7.941217128326628e-14,1.0
DAIUSDT,"['BCHUSDT', 'SOLUSDT']",-1.8702383391966393e-12,1.0
SOLUSDT,"['BCHUSDT', 'LTCUSDT']",172.86244707626864,0.15220473370800958
SOLUSDT,"['LTCUSDT', 'BCHUSDT']",172.86244707617846,0.15220473370800758
BCHUSDT,"['SOLUSDT', 'LTCUSDT']",0.9894460737831163,0.0005442539718734096
BCHUSDT,"['LTCUSDT', 'SOLUSDT']",0.9894460737831035,0.0005442539718881756
LTCUSDT,"['SOLUSDT', 'BCHUSDT']",35.24556531188098,0.15181050003558938
LTCUSDT,"['BCHUSDT', 'SOLUSDT']",35.24556531181966,0.1518105000355906
SOLUSDT,"['BCHUSDT', 'XLMUSDT']",211.75737229631727,0.1790099316348105
SOLUSDT,"['XLMUSDT', 'BCHUSDT']",211.75737229626918,0.17900993163480794
BCHUSDT,"['SOLUSDT', 'XLMUSDT']",0.9897497859159811,0.0005518790905094662
BCHUSDT,"['XLMUSDT', 'SOLUSDT']",0.9897497859159721,0.0005518790905024717
XLMUSDT,"['SOLUSDT', 'BCHUSDT']",-0.16224319279281313,0.17862836357267164
XLMUSDT,"['BCHUSDT', 'SOLUSDT']",-0.16224319279305693,0.1786283635726712
SOLUSDT,"['BCHUSDT', 'AVAXUSDT']",247.64841244506073,0.09653824987445503
SOLUSDT,"['AVAXUSDT', 'BCHUSDT']",247.64841244493363,0.09653824987445436
BCHUSDT,"['SOLUSDT', 'AVAXUSDT']",0.9880494128056286,0.004210303527228065
BCHUSDT,"['AVAXUSDT', 'SOLUSDT']",0.9880494128056343,0.0042103035272137435
AVAXUSDT,"['SOLUSDT', 'BCHUSDT']",-27.800735508279566,0.0985240593340575
AVAXUSDT,"['BCHUSDT', 'SOLUSDT']",-27.800735508370508,0.09852405933405683
SOLUSDT,"['DAIUSDT', 'LTCUSDT']",172.86244707626864,0.15220473370800958
SOLUSDT,"['LTCUSDT', 'DAIUSDT']",172.86244707617846,0.15220473370800758
DAIUSDT,"['SOLUSDT', 'LTCUSDT']",0.9894460737831163,0.0005442539718734096
DAIUSDT,"['LTCUSDT', 'SOLUSDT']",0.9894460737831035,0.0005442539718881756
LTCUSDT,"['SOLUSDT', 'DAIUSDT']",35.24556531188098,0.15181050003558938
LTCUSDT,"['DAIUSDT', 'SOLUSDT']",35.24556531181966,0.1518105000355906
SOLUSDT,"['DAIUSDT', 'XLMUSDT']",211.75737229631727,0.1790099316348105
SOLUSDT,"['XLMUSDT', 'DAIUSDT']",211.75737229626918,0.17900993163480794
DAIUSDT,"['SOLUSDT', 'XLMUSDT']",0.9897497859159811,0.0005518790905094662
DAIUSDT,"['XLMUSDT', 'SOLUSDT']",0.9897497859159721,0.0005518790905024717
XLMUSDT,"['SOLUSDT', 'DAIUSDT']",-0.16224319279281313,0.17862836357267164
XLMUSDT,"['DAIUSDT', 'SOLUSDT']",-0.16224319279305693,0.1786283635726712
SOLUSDT,"['DAIUSDT', 'AVAXUSDT']",247.64841244506073,0.09653824987445503
SOLUSDT,"['AVAXUSDT', 'DAIUSDT']",247.64841244493363,0.09653824987445436
DAIUSDT,"['SOLUSDT', 'AVAXUSDT']",0.9880494128056286,0.004210303527228065
DAIUSDT,"['AVAXUSDT', 'SOLUSDT']",0.9880494128056343,0.0042103035272137435
AVAXUSDT,"['SOLUSDT', 'DAIUSDT']",-27.800735508279566,0.0985240593340575
AVAXUSDT,"['DAIUSDT', 'SOLUSDT']",-27.800735508370508,0.09852405933405683
SOLUSDT,"['LTCUSDT', 'XLMUSDT']",121.89279448686224,0.1822174797294207
SOLUSDT,"['XLMUSDT', 'LTCUSDT']",121.89279448686368,0.18221747972942326
LTCUSDT,"['SOLUSDT', 'XLMUSDT']",58.1779579412718,0.715876022696287
LTCUSDT,"['XLMUSDT', 'SOLUSDT']",58.17795794127468,0.7158760226962861
XLMUSDT,"['SOLUSDT', 'LTCUSDT']",-0.32344489226090467,0.7248572911324855
XLMUSDT,"['LTCUSDT', 'SOLUSDT']",-0.32344489226094597,0.7248572911324846
SOLUSDT,"['LTCUSDT', 'AVAXUSDT']",82.85227674843543,0.17484752174032914
SOLUSDT,"['AVAXUSDT', 'LTCUSDT']",82.85227674844697,0.17484752174032692
LTCUSDT,"['SOLUSDT', 'AVAXUSDT']",33.58093044669654,0.2660016727777348
LTCUSDT,"['AVAXUSDT', 'SOLUSDT']",33.580930446697295,0.2660016727777351
AVAXUSDT,"['SOLUSDT', 'LTCUSDT']",13.7187389448335,0.21701713207131834
AVAXUSDT,"['LTCUSDT', 'SOLUSDT']",13.718738944832168,0.21701713207132112
SOLUSDT,"['XLMUSDT', 'AVAXUSDT']",111.45235298419762,0.20952071313148946
SOLUSDT,"['AVAXUSDT', 'XLMUSDT']",111.45235298419979,0.209520713131488
XLMUSDT,"['SOLUSDT', 'AVAXUSDT']",-0.12869958413957971,0.2262078877025363
XLMUSDT,"['AVAXUSDT', 'SOLUSDT']",-0.12869958413957858,0.2262078877025343
AVAXUSDT,"['SOLUSDT', 'XLMUSDT']",23.327028241024628,0.14762370242388567
AVAXUSDT,"['XLMUSDT', 'SOLUSDT']",23.327028241024742,0.14762370242388634
WBTC,"['XRPUSDT', 'BCHUSDT']",1.176497054744963,0.013358328528715324
WBTC,"['BCHUSDT', 'XRPUSDT']",1.1764970547447224,0.01335832852872132
XRPUSDT,"['WBTC', 'BCHUSDT']",3.485674806508478,0.012820411054470404
XRPUSDT,"['BCHUSDT', 'WBTC']",3.485674806511433,0.012820411054470071
BCHUSDT,"['WBTC', 'XRPUSDT']",0.9932190814256319,0.0007788007083877613
BCHUSDT,"['XRPUSDT', 'WBTC']",0.9932190814254449,0.0007788007083007198
WBTC,"['XRPUSDT', 'DAIUSDT']",1.176497054744963,0.013358328528715324
WBTC,"['DAIUSDT', 'XRPUSDT']",1.1764970547447224,0.01335832852872132
XRPUSDT,"['WBTC', 'DAIUSDT']",3.485674806508478,0.012820411054470404
XRPUSDT,"['DAIUSDT', 'WBTC']",3.485674806511433,0.012820411054470071
DAIUSDT,"['WBTC', 'XRPUSDT']",0.9932190814256319,0.0007788007083877613
DAIUSDT,"['XRPUSDT', 'WBTC']",0.9932190814254449,0.0007788007083007198
WBTC,"['XRPUSDT', 'LTCUSDT']",1.0872831073993747,0.044497967526228366
WBTC,"['LTCUSDT', 'XRPUSDT']",1.0872831073993718,0.04449796752621682
XRPUSDT,"['WBTC', 'LTCUSDT']",-2.7546724903021076,0.7537592669201245
XRPUSDT,"['LTCUSDT', 'WBTC']",-2.7546724903037063,0.7537592669201246
LTCUSDT,"['WBTC', 'XRPUSDT']",91.93933166089877,0.7592780635114996
LTCUSDT,"['XRPUSDT', 'WBTC']",91.93933166095458,0.7592780635115022
WBTC,"['XRPUSDT', 'XLMUSDT']",1.0243930594621953,0.05891781931263107
WBTC,"['XLMUSDT', 'XRPUSDT']",1.0243930594621729,0.05891781931262685
XRPUSDT,"['WBTC', 'XLMUSDT']",-0.8596590760361487,0.8748751806780737
XRPUSDT,"['XLMUSDT', 'WBTC']",-0.8596590760387446,0.8748751806780735
XLMUSDT,"['WBTC', 'XRPUSDT']",0.1944589672198176,0.8774759554972277
XLMUSDT,"['XRPUSDT', 'WBTC']",0.19445896722015651,0.8774759554972261
WBTC,"['XRPUSDT', 'AVAXUSDT']",1.087031989148476,0.10770097689339986
WBTC,"['AVAXUSDT', 'XRPUSDT']",1.0870319891484799,0.10770097689339742
XRPUSDT,"['WBTC', 'AVAXUSDT']",1.4235160137926375,0.03118919466053527
XRPUSDT,"['AVAXUSDT', 'WBTC']",1.4235160137944467,0.03118919466053305
AVAXUSDT,"['WBTC', 'XRPUSDT']",75.84441287643487,0.12088697980659824
AVAXUSDT,"['XRPUSDT', 'WBTC']",75.8444128765326,0.12088697980659002
WBTC,"['BCHUSDT', 'DAIUSDT']",1.1605754493816698,-0.06757435738017703
WBTC,"['DAIUSDT', 'BCHUSDT']",1.1605754493816698,-0.06757435738017703
BCHUSDT,"['WBTC', 'DAIUSDT']",2.737424870113969e-12,1.0
BCHUSDT,"['DAIUSDT', 'WBTC']",-2.3753251969516054e-12,1.0
DAIUSDT,"['WBTC', 'BCHUSDT']",2.737424870113969e-12,1.0
DAIUSDT,"['BCHUSDT', 'WBTC']",-2.3753251969516054e-12,1.0
WBTC,"['BCHUSDT', 'LTCUSDT']",1.2114144008187304,0.03543268281271561
WBTC,"['LTCUSDT', 'BCHUSDT']",1.211414400818832,0.03543268281266654
BCHUSDT,"['WBTC', 'LTCUSDT']",0.9932006111846596,0.0006518036556730777
BCHUSDT,"['LTCUSDT', 'WBTC']",0.9932006111844895,0.0006518036557094931
LTCUSDT,"['WBTC', 'BCHUSDT']",152.08121300060665,0.03482262294289362
LTCUSDT,"['BCHUSDT', 'WBTC']",152.0812130005676,0.03482262294289207
WBTC,"['BCHUSDT', 'XLMUSDT']",1.177767194856559,0.03383088435672499
WBTC,"['XLMUSDT', 'BCHUSDT']",1.1777671948567403,0.03383088435673132
BCHUSDT,"['WBTC', 'XLMUSDT']",0.9930712168829605,0.0006554528970119655
BCHUSDT,"['XLMUSDT', 'WBTC']",0.9930712168828478,0.0006554528970169615
XLMUSDT,"['WBTC', 'BCHUSDT']",0.6193397308221326,0.033220047877839276
XLMUSDT,"['BCHUSDT', 'WBTC']",0.6193397308223892,0.033220047877846715
WBTC,"['BCHUSDT', 'AVAXUSDT']",1.1371777506594394,0.10415678472400125
WBTC,"['AVAXUSDT', 'BCHUSDT']",1.1371777506597964,0.10415678472401624
BCHUSDT,"['WBTC', 'AVAXUSDT']",0.9884228446495261,0.0027390826389321887
BCHUSDT,"['AVAXUSDT', 'WBTC']",0.9884228446493379,0.002739082638938184
AVAXUSDT,"['WBTC', 'BCHUSDT']",41.6945734337021,0.10597623048486393
AVAXUSDT,"['BCHUSDT', 'WBTC']",41.694573433567,0.1059762304848767
WBTC,"['DAIUSDT', 'LTCUSDT']",1.2114144008187304,0.03543268281271561
WBTC,"['LTCUSDT', 'DAIUSDT']",1.211414400818832,0.03543268281266654
DAIUSDT,"['WBTC', 'LTCUSDT']",0.9932006111846596,0.0006518036556730777
DAIUSDT,"['LTCUSDT', 'WBTC']",0.9932006111844895,0.0006518036557094931
LTCUSDT,"['WBTC', 'DAIUSDT']",152.08121300060665,0.03482262294289362
LTCUSDT,"['DAIUSDT', 'WBTC']",152.0812130005676,0.03482262294289207
WBTC,"['DAIUSDT', 'XLMUSDT']",1.177767194856559,0.03383088435672499
WBTC,"['XLMUSDT', 'DAIUSDT']",1.1777671948567403,0.03383088435673132
DAIUSDT,"['WBTC', 'XLMUSDT']",0.9930712168829605,0.0006554528970119655
DAIUSDT,"['XLMUSDT', 'WBTC']",0.9930712168828478,0.0006554528970169615
XLMUSDT,"['WBTC', 'DAIUSDT']",0.6193397308221326,0.033220047877839276
XLMUSDT,"['DAIUSDT', 'WBTC']",0.6193397308223892,0.033220047877846715
WBTC,"['DAIUSDT', 'AVAXUSDT']",1.1371777506594394,0.10415678472400125
WBTC,"['AVAXUSDT', 'DAIUSDT']",1.1371777506597964,0.10415678472401624
DAIUSDT,"['WBTC', 'AVAXUSDT']",0.9884228446495261,0.0027390826389321887
DAIUSDT,"['AVAXUSDT', 'WBTC']",0.9884228446493379,0.002739082638938184
AVAXUSDT,"['WBTC', 'DAIUSDT']",41.6945734337021,0.10597623048486393
AVAXUSDT,"['DAIUSDT', 'WBTC']",41.694573433567,0.1059762304848767
WBTC,"['LTCUSDT', 'XLMUSDT']",1.0445210583863442,0.0369031062883487
WBTC,"['XLMUSDT', 'LTCUSDT']",1.0445210583863327,0.03690310628838356
LTCUSDT,"['WBTC', 'XLMUSDT']",71.80694483577702,0.7156980829967826
LTCUSDT,"['XLMUSDT', 'WBTC']",71.80694483577767,0.7156980829967773
XLMUSDT,"['WBTC', 'LTCUSDT']",-0.23170722495266086,0.715224989809097
XLMUSDT,"['LTCUSDT', 'WBTC']",-0.2317072249525099,0.7152249898090979
WBTC,"['LTCUSDT', 'AVAXUSDT']",1.0936145982777545,0.10649572214927994
WBTC,"['AVAXUSDT', 'LTCUSDT']",1.093614598277787,0.1064957221492796
LTCUSDT,"['WBTC', 'AVAXUSDT']",67.17716023394354,0.19725717830354939
LTCUSDT,"['AVAXUSDT', 'WBTC']",67.17716023396257,0.19725717830355205
AVAXUSDT,"['WBTC', 'LTCUSDT']",54.1220747954232,0.25487969901061147
AVAXUSDT,"['LTCUSDT', 'WBTC']",54.12207479550969,0.25487969901061025
WBTC,"['XLMUSDT', 'AVAXUSDT']",1.085212822092923,0.11012682405214269
WBTC,"['AVAXUSDT', 'XLMUSDT']",1.085212822092938,0.11012682405214902
XLMUSDT,"['WBTC', 'AVAXUSDT']",0.1918983139982674,0.12020629058391663
XLMUSDT,"['AVAXUSDT', 'WBTC']",0.1918983139986157,0.1202062905839103
AVAXUSDT,"['WBTC', 'XLMUSDT']",68.39530249587092,0.18471635593762115
AVAXUSDT,"['XLMUSDT', 'WBTC']",68.39530249596012,0.18471635593764957
XRPUSDT,"['BCHUSDT', 'DAIUSDT']",1.7141004251609635,8.157150706411542e-05
XRPUSDT,"['DAIUSDT', 'BCHUSDT']",1.7141004251609635,8.157150706411542e-05
BCHUSDT,"['XRPUSDT', 'DAIUSDT']",9.641809919913591e-14,1.0
BCHUSDT,"['DAIUSDT', 'XRPUSDT']",-1.9068817705414354e-12,1.0
DAIUSDT,"['XRPUSDT', 'BCHUSDT']",9.641809919913591e-14,1.0
DAIUSDT,"['BCHUSDT', 'XRPUSDT']",-1.9068817705414354e-12,1.0
XRPUSDT,"['BCHUSDT', 'LTCUSDT']",-1.293501107983957,0.7513469976146778
XRPUSDT,"['LTCUSDT', 'BCHUSDT']",-1.2935011079854433,0.7513469976146805
BCHUSDT,"['XRPUSDT', 'LTCUSDT']",0.9878455360756211,0.0003459776637388945
BCHUSDT,"['LTCUSDT', 'XRPUSDT']",0.9878455360756186,0.00034597766378541284
LTCUSDT,"['XRPUSDT', 'BCHUSDT']",47.66343618649722,0.7513253096065609
LTCUSDT,"['BCHUSDT', 'XRPUSDT']",47.66343618643394,0.7513253096065609
XRPUSDT,"['BCHUSDT', 'XLMUSDT']",0.6581950367466892,0.8715338146412607
XRPUSDT,"['XLMUSDT', 'BCHUSDT']",0.6581950367461068,0.8715338146412599
BCHUSDT,"['XRPUSDT', 'XLMUSDT']",0.9887377621410305,0.0006099723151605785
BCHUSDT,"['XLMUSDT', 'XRPUSDT']",0.98873776214102,0.0006099723151554715
XLMUSDT,"['XRPUSDT', 'BCHUSDT']",-0.07222461558795087,0.8715226409921193
XLMUSDT,"['BCHUSDT', 'XRPUSDT']",-0.07222461558819748,0.8715226409921197
XRPUSDT,"['BCHUSDT', 'AVAXUSDT']",1.9263909306218392,0.027582278797425253
XRPUSDT,"['AVAXUSDT', 'BCHUSDT']",1.9263909306201334,0.027582278797423143
BCHUSDT,"['XRPUSDT', 'AVAXUSDT']",0.9868791900394045,0.0029863623568767705
BCHUSDT,"['AVAXUSDT', 'XRPUSDT']",0.9868791900394019,0.0029863623568774367
AVAXUSDT,"['XRPUSDT', 'BCHUSDT']",-13.596001153918724,0.030086043886925595
AVAXUSDT,"['BCHUSDT', 'XRPUSDT']",-13.596001154002344,0.030086043886930702
XRPUSDT,"['DAIUSDT', 'LTCUSDT']",-1.293501107983957,0.7513469976146778
XRPUSDT,"['LTCUSDT', 'DAIUSDT']",-1.2935011079854433,0.7513469976146805
DAIUSDT,"['XRPUSDT', 'LTCUSDT']",0.9878455360756211,0.0003459776637388945
DAIUSDT,"['LTCUSDT', 'XRPUSDT']",0.9878455360756186,0.00034597766378541284
LTCUSDT,"['XRPUSDT', 'DAIUSDT']",47.66343618649722,0.7513253096065609
LTCUSDT,"['DAIUSDT', 'XRPUSDT']",47.66343618643394,0.7513253096065609
XRPUSDT,"['DAIUSDT', 'XLMUSDT']",0.6581950367466892,0.8715338146412607
XRPUSDT,"['XLMUSDT', 'DAIUSDT']",0.6581950367461068,0.8715338146412599
DAIUSDT,"['XRPUSDT', 'XLMUSDT']",0.9887377621410305,0.0006099723151605785
DAIUSDT,"['XLMUSDT', 'XRPUSDT']",0.98873776214102,0.0006099723151554715
XLMUSDT,"['XRPUSDT', 'DAIUSDT']",-0.07222461558795087,0.8715226409921193
XLMUSDT,"['DAIUSDT', 'XRPUSDT']",-0.07222461558819748,0.8715226409921197
XRPUSDT,"['DAIUSDT', 'AVAXUSDT']",1.9263909306218392,0.027582278797425253
XRPUSDT,"['AVAXUSDT', 'DAIUSDT']",1.9263909306201334,0.027582278797423143
DAIUSDT,"['XRPUSDT', 'AVAXUSDT']",0.9868791900394045,0.0029863623568767705
DAIUSDT,"['AVAXUSDT', 'XRPUSDT']",0.9868791900394019,0.0029863623568774367
AVAXUSDT,"['XRPUSDT', 'DAIUSDT']",-13.596001153918724,0.030086043886925595
AVAXUSDT,"['DAIUSDT', 'XRPUSDT']",-13.596001154002344,0.030086043886930702
XRPUSDT,"['LTCUSDT', 'XLMUSDT']",-0.7561197219642357,0.8925605941956317
XRPUSDT,"['XLMUSDT', 'LTCUSDT']",-0.7561197219640249,0.8925605941956315
LTCUSDT,"['XRPUSDT', 'XLMUSDT']",61.89226407015623,0.7614620456391896
LTCUSDT,"['XLMUSDT', 'XRPUSDT']",61.89226407015579,0.7614620456391897
XLMUSDT,"['XRPUSDT', 'LTCUSDT']",-0.028526156528706246,0.8767272139323448
XLMUSDT,"['LTCUSDT', 'XRPUSDT']",-0.02852615652872733,0.8767272139323457
XRPUSDT,"['LTCUSDT', 'AVAXUSDT']",-1.6061894234163177,0.810149576219906
XRPUSDT,"['AVAXUSDT', 'LTCUSDT']",-1.6061894234159035,0.810149576219907
LTCUSDT,"['XRPUSDT', 'AVAXUSDT']",41.11536082028262,0.8429048385026665
LTCUSDT,"['AVAXUSDT', 'XRPUSDT']",41.11536082028036,0.8429048385026663
AVAXUSDT,"['XRPUSDT', 'LTCUSDT']",-1.6891616194905992,0.385653977890254
AVAXUSDT,"['LTCUSDT', 'XRPUSDT']",-1.689161619494583,0.3856539778902571
XRPUSDT,"['XLMUSDT', 'AVAXUSDT']",0.4156071738919115,0.8969903594080445
XRPUSDT,"['AVAXUSDT', 'XLMUSDT']",0.4156071738917343,0.8969903594080456
XLMUSDT,"['XRPUSDT', 'AVAXUSDT']",-0.05749334140376311,0.9062001698101615
XLMUSDT,"['AVAXUSDT', 'XRPUSDT']",-0.057493341403770166,0.9062001698101613
AVAXUSDT,"['XRPUSDT', 'XLMUSDT']",29.065131385353283,0.2901892495214693
AVAXUSDT,"['XLMUSDT', 'XRPUSDT']",29.065131385355066,0.29018924952146663
BCHUSDT,"['DAIUSDT', 'LTCUSDT']",-1.8134382884227307e-12,1.0
BCHUSDT,"['LTCUSDT', 'DAIUSDT']",1.8471205467940344e-13,1.0
DAIUSDT,"['BCHUSDT', 'LTCUSDT']",-1.8134382884227307e-12,1.0
DAIUSDT,"['LTCUSDT', 'BCHUSDT']",1.8471205467940344e-13,1.0
LTCUSDT,"['BCHUSDT', 'DAIUSDT']",82.7146635969289,-0.0009212231388093794
LTCUSDT,"['DAIUSDT', 'BCHUSDT']",82.7146635969289,-0.0009212231388093794
BCHUSDT,"['DAIUSDT', 'XLMUSDT']",-1.7762258677778142e-12,1.0
BCHUSDT,"['XLMUSDT', 'DAIUSDT']",2.419410158327473e-13,1.0
DAIUSDT,"['BCHUSDT', 'XLMUSDT']",-1.7762258677778142e-12,1.0
DAIUSDT,"['XLMUSDT', 'BCHUSDT']",2.419410158327473e-13,1.0
XLMUSDT,"['BCHUSDT', 'DAIUSDT']",0.1785829327756734,-1.4302938139643118e-05
XLMUSDT,"['DAIUSDT', 'BCHUSDT']",0.1785829327756734,-1.4302938139643118e-05
BCHUSDT,"['DAIUSDT', 'AVAXUSDT']",-1.8645389052163175e-12,1.0
BCHUSDT,"['AVAXUSDT', 'DAIUSDT']",1.845125614796661e-13,1.0
DAIUSDT,"['BCHUSDT', 'AVAXUSDT']",-1.8645389052163175e-12,1.0
DAIUSDT,"['AVAXUSDT', 'BCHUSDT']",1.845125614796661e-13,1.0
AVAXUSDT,"['BCHUSDT', 'DAIUSDT']",-9.915113380315994,0.0026295855512299404
AVAXUSDT,"['DAIUSDT', 'BCHUSDT']",-9.915113380315994,0.0026295855512299404
BCHUSDT,"['LTCUSDT', 'XLMUSDT']",0.9887453106681363,-2.4701466043719478e-06
BCHUSDT,"['XLMUSDT', 'LTCUSDT']",0.988745310668127,-2.4701465808352197e-06
LTCUSDT,"['BCHUSDT', 'XLMUSDT']",60.25370770590818,0.714603408224173
LTCUSDT,"['XLMUSDT', 'BCHUSDT']",60.25370770595461,0.7146034082241742
XLMUSDT,"['BCHUSDT', 'LTCUSDT']",-0.28070986294517686,0.714603478033967
XLMUSDT,"['LTCUSDT', 'BCHUSDT']",-0.28070986294521394,0.7146034780339694
BCHUSDT,"['LTCUSDT', 'AVAXUSDT']",0.9875036007757423,0.0033048834988137488
BCHUSDT,"['AVAXUSDT', 'LTCUSDT']",0.9875036007757749,0.003304883498835509
LTCUSDT,"['BCHUSDT', 'AVAXUSDT']",94.53420817918771,0.19561246056554127
LTCUSDT,"['AVAXUSDT', 'BCHUSDT']",94.53420817916638,0.1956124605655407
AVAXUSDT,"['BCHUSDT', 'LTCUSDT']",-27.0522217776442,0.19775355784402682
AVAXUSDT,"['LTCUSDT', 'BCHUSDT']",-27.05222177756299,0.1977535578440145
BCHUSDT,"['XLMUSDT', 'AVAXUSDT']",0.986787628460813,0.003021566584211488
BCHUSDT,"['AVAXUSDT', 'XLMUSDT']",0.986787628460831,0.0030215665842180384
XLMUSDT,"['BCHUSDT', 'AVAXUSDT']",0.23696306802617026,0.11455475516271008
XLMUSDT,"['AVAXUSDT', 'BCHUSDT']",0.23696306802591782,0.11455475516271074
AVAXUSDT,"['BCHUSDT', 'XLMUSDT']",-14.744009515575833,0.11691139366857994
AVAXUSDT,"['XLMUSDT', 'BCHUSDT']",-14.744009515486196,0.11691139366859582
DAIUSDT,"['LTCUSDT', 'XLMUSDT']",0.9887453106681363,-2.4701466043719478e-06
DAIUSDT,"['XLMUSDT', 'LTCUSDT']",0.988745310668127,-2.4701465808352197e-06
LTCUSDT,"['DAIUSDT', 'XLMUSDT']",60.25370770590818,0.714603408224173
LTCUSDT,"['XLMUSDT', 'DAIUSDT']",60.25370770595461,0.7146034082241742
XLMUSDT,"['DAIUSDT', 'LTCUSDT']",-0.28070986294517686,0.714603478033967
XLMUSDT,"['LTCUSDT', 'DAIUSDT']",-0.28070986294521394,0.7146034780339694
DAIUSDT,"['LTCUSDT', 'AVAXUSDT']",0.9875036007757423,0.0033048834988137488
DAIUSDT,"['AVAXUSDT', 'LTCUSDT']",0.9875036007757749,0.003304883498835509
LTCUSDT,"['DAIUSDT', 'AVAXUSDT']",94.53420817918771,0.19561246056554127
LTCUSDT,"['AVAXUSDT', 'DAIUSDT']",94.53420817916638,0.1956124605655407
AVAXUSDT,"['DAIUSDT', 'LTCUSDT']",-27.0522217776442,0.19775355784402682
AVAXUSDT,"['LTCUSDT', 'DAIUSDT']",-27.05222177756299,0.1977535578440145
DAIUSDT,"['XLMUSDT', 'AVAXUSDT']",0.986787628460813,0.003021566584211488
DAIUSDT,"['AVAXUSDT', 'XLMUSDT']",0.986787628460831,0.0030215665842180384
XLMUSDT,"['DAIUSDT', 'AVAXUSDT']",0.23696306802617026,0.11455475516271008
XLMUSDT,"['AVAXUSDT', 'DAIUSDT']",0.23696306802591782,0.11455475516271074
AVAXUSDT,"['DAIUSDT', 'XLMUSDT']",-14.744009515575833,0.11691139366857994
AVAXUSDT,"['XLMUSDT', 'DAIUSDT']",-14.744009515486196,0.11691139366859582
LTCUSDT,"['XLMUSDT', 'AVAXUSDT']",49.24136178270507,0.7420705066986197
LTCUSDT,"['AVAXUSDT', 'XLMUSDT']",49.2413617827049,0.7420705066986195
XLMUSDT,"['LTCUSDT', 'AVAXUSDT']",-0.2755215360009704,0.7161597719471244
XLMUSDT,"['AVAXUSDT', 'LTCUSDT']",-0.2755215360009102,0.7161597719471255
AVAXUSDT,"['LTCUSDT', 'XLMUSDT']",14.951836288858953,0.19948068876484049
AVAXUSDT,"['XLMUSDT', 'LTCUSDT']",14.951836288862722,0.1994806887648385
